Margaritaville Lake Conroe,,,,Summary P&L - Summary P&L,,,,,,,,,,,,,,,,
"Period - February, 2023",,,,,,,,,,,"YTD - January-February, 2023",,,,,,,,,
Primary Forecast,,Budget,,Variance,,"Actuals Last Year
February 2022",,Variance,,,Primary Forecast,,Budget,,Variance,,"Actuals Last Year
January-February 2022",,Variance,
AMT,%REV,AMT,%REV,AMT,%REV,AMT,%REV,AMT,%REV,Description,AMT,%REV,AMT,%REV,AMT,%REV,AMT,%REV,AMT,%REV
,,,,,,,,,,,,,,,,,,,,
94.15,,105.83,,-11.68,,69.96,,24.19,,REV PAR,67.49,,77.10,,-9.61,,57.73,,9.76,
"769,127",39.7,"813,629",37.7,"-44,502",2.0,"540,662",37.3,"228,465",2.3,Food & Beverage,"1,300,596",40.5,"1,335,282",38.5,"-34,687",2.0,"1,134,765",41.4,"165,830",-1.0
"1,098,295",56.6,"1,167,177",54.0,"-68,881",2.6,"874,398",60.4,"223,898",-3.8,Total Departmental Expenses,"1,902,187",59.2,"2,018,600",58.2,"-116,413",1.0,"1,712,745",62.6,"189,442",-3.4
"-356,015",-18.4,"-229,975",-10.6,"-126,040",-7.7,"-410,390",-28.3,"54,375",10.0,EBITDA Less Reserve,"-912,122",-28.4,"-880,596",-25.4,"-31,526",-3.0,"-939,390",-34.3,"27,267",5.9
"43,168",5.6,"80,000",9.8,"-36,832",-4.2,"59,334",11.0,"-16,166",-5.4,VENUE 1 FOOD,"67,736",5.2,"122,714",9.2,"-54,978",-4.0,"92,227",8.1,"-24,490",-2.9
"70,629",9.2,"74,088",9.1,"-3,459",0.1,"54,142",10.0,"16,488",-0.8,VENUE 2 FOOD,"129,985",10.0,"125,833",9.4,"4,152",0.6,"97,559",8.6,"32,426",1.4
"36,972",4.8,"46,877",5.8,"-9,906",-1.0,"30,849",5.7,"6,123",-0.9,VENUE 3 FOOD,"61,934",4.8,"64,800",4.9,"-2,866",-0.1,"46,499",4.1,"15,435",0.7
"1,463",0.2,"1,854",0.2,-392,0.0,"1,832",0.3,-370,-0.1,VENUE 6 FOOD,"4,387",0.3,"3,888",0.3,499,0.0,"3,765",0.3,621,0.0
"10,135",1.3,"12,851",1.6,"-2,715",-0.3,"24,039",4.4,"-13,904",-3.1,VENUE 7 FOOD,"23,646",1.8,"21,392",1.6,"2,255",0.2,"25,171",2.2,"-1,525",-0.4
"4,012",0.5,"5,086",0.6,"-1,075",-0.1,"4,197",0.8,-185,-0.3,VENUE 8 FOOD,"8,417",0.6,"5,086",0.4,"3,331",0.3,"4,197",0.4,"4,221",0.3
"249,942",32.5,"231,827",28.5,"18,115",4.0,"93,428",17.3,"156,513",15.2,BANQUET & CATERING FOOD,"399,875",30.7,"404,112",30.3,"-4,237",0.5,"252,178",22.2,"147,698",8.5
"416,320",54.1,"452,584",55.6,"-36,264",-1.5,"267,820",49.5,"148,500",4.6,TOTAL F&B FOOD REVENUE,"695,981",53.5,"747,826",56.0,"-51,845",-2.5,"521,596",46.0,"174,386",7.5
"18,768",2.4,"31,441",3.9,"-12,674",-1.4,"47,553",8.8,"-28,785",-6.4,VENUE 1 BEVERAGE,"38,736",3.0,"52,339",3.9,"-13,602",-0.9,"77,499",6.8,"-38,763",-3.9
"37,856",4.9,"39,359",4.8,"-1,504",0.1,"43,336",8.0,"-5,480",-3.1,VENUE 2 BEVERAGE,"88,262",6.8,"66,848",5.0,"21,414",1.8,"73,843",6.5,"14,420",0.3
"2,337",0.3,"2,963",0.4,-626,-0.1,"2,446",0.5,-109,-0.1,VENUE 3 BEVERAGE,"4,165",0.3,"4,096",0.3,69,0.0,"3,412",0.3,753,0.0
"4,584",0.6,"5,812",0.7,"-1,228",-0.1,"5,090",0.9,-506,-0.3,VENUE 6 BEVERAGE,"12,794",1.0,"9,815",0.7,"2,978",0.2,"8,586",0.8,"4,207",0.2
"41,370",5.4,"48,755",6.0,"-7,385",-0.6,"44,322",8.2,"-2,953",-2.8,VENUE 7 BEVERAGE,"67,672",5.2,"73,265",5.5,"-5,593",-0.3,"66,603",5.9,"1,069",-0.7
152,0.0,193,0.0,-41,0.0,470,0.1,-317,-0.1,VENUE 8 BEVERAGE,656,0.1,193,0.0,463,0.0,470,0.0,187,0.0
"44,867",5.8,"42,630",5.2,"2,237",0.6,"26,603",4.9,"18,265",0.9,BANQUET & CATERING BEVERAGE,"89,851",6.9,"72,303",5.4,"17,548",1.5,"90,303",8.0,-453,-1.0
"149,933",19.5,"171,154",21.0,"-21,220",-1.5,"169,819",31.4,"-19,886",-11.9,TOTAL F&B BEVERAGE REVENUE,"302,136",23.2,"278,859",20.9,"23,277",2.3,"320,716",28.3,"-18,580",-5.0
"566,254",73.6,"623,738",76.7,"-57,484",-3.0,"437,639",80.9,"128,614",-7.3,TOTAL F&B  REVENUE,"998,117",76.7,"1,026,685",76.9,"-28,568",-0.1,"842,312",74.2,"155,805",2.5
"47,913",6.2,"44,380",5.5,"3,534",0.8,"15,254",2.8,"32,659",3.4,MEETING RENTAL AND SETUP CHARGES,"51,534",4.0,"68,531",5.1,"-16,997",-1.2,"94,815",8.4,"-43,281",-4.4
"49,011",6.4,"45,396",5.6,"3,615",0.8,"26,448",4.9,"22,563",1.5,AV RENTAL,"77,960",6.0,"70,101",5.2,"7,859",0.7,"60,280",5.3,"17,680",0.7
"9,964",1.3,"9,229",1.1,735,0.2,"9,880",1.8,84,-0.5,BANQUET OTHER,"15,074",1.2,"14,251",1.1,822,0.1,"16,595",1.5,"-1,521",-0.3
"89,327",11.6,"83,478",10.3,"5,849",1.4,"47,300",8.7,"42,027",2.9,SERVICE CHARGES,"148,252",11.4,"144,045",10.8,"4,207",0.6,"113,532",10.0,"34,720",1.4
"6,659",0.9,"7,409",0.9,-750,0.0,"4,483",0.8,"2,175",0.0,OTHER,"10,578",0.8,"11,669",0.9,"-1,091",-0.1,"7,824",0.7,"2,755",0.1
0,0.0,0,0.0,0,0.0,-343,-0.1,343,0.1,ALLOWANCES & DISCOUNTS,-919,-0.1,0,0.0,-919,-0.1,-591,-0.1,-327,0.0
"202,874",26.4,"189,892",23.3,"12,982",3.0,"103,022",19.1,"99,851",7.3,TOTAL F&B OTHER REVENUE,"302,479",23.3,"308,597",23.1,"-6,119",0.1,"292,454",25.8,"10,025",-2.5
"769,127",39.7,"813,629",37.7,"-44,502",2.0,"540,662",37.3,"228,465",2.3,TOTAL F&B DEPARTMENT REVENUE,"1,300,596",40.5,"1,335,282",38.5,"-34,687",2.0,"1,134,765",41.4,"165,830",-1.0
"111,616",26.8,"122,330",27.0,"-10,714",-0.2,"94,054",35.1,"17,562",-8.3,FOOD COS,"191,473",27.5,"200,742",26.8,"-9,270",0.7,"176,230",33.8,"15,242",-6.3
"14,872",9.9,"17,622",10.3,"-2,750",-0.4,"17,419",10.3,"-2,546",-0.3,LIQUOR COST,"29,498",9.8,"27,993",10.0,"1,505",-0.3,"32,229",10.0,"-2,731",-0.3
"7,111",4.7,"7,767",4.5,-656,0.2,"5,437",3.2,"1,674",1.5,BEER COST,"14,502",4.8,"12,980",4.7,"1,521",0.1,"13,132",4.1,"1,370",0.7
"2,945",2.0,"2,976",1.7,-32,0.2,"4,392",2.6,"-1,448",-0.6,WINE COST,"10,130",3.4,"5,521",2.0,"4,608",1.4,"8,106",2.5,"2,024",0.8
"24,928",16.6,"28,365",16.6,"-3,437",0.1,"27,248",16.0,"-2,320",0.6,TOTAL BEVERAGE COS,"54,129",17.9,"46,495",16.7,"7,635",1.2,"53,466",16.7,663,1.2
"29,779",3.9,"27,583",3.4,"2,196",0.5,"12,607",2.3,"17,172",1.5,AV RENTAL COS,"47,747",3.7,"42,593",3.2,"5,154",0.5,"34,042",3.0,"13,706",0.7
"2,196",1.1,"2,539",1.3,-343,-0.3,-643,-0.6,"2,839",1.7,OTHER REVENUE COS,"10,437",3.5,"3,875",1.3,"6,562",2.2,"2,046",0.7,"8,391",2.8
"168,519",21.9,"180,817",22.2,"-12,297",-0.3,"133,266",24.6,"35,253",-2.7,TOTAL F&B COST OF SALES,"303,787",23.4,"293,706",22.0,"10,081",1.4,"265,785",23.4,"38,002",-0.1
"600,608",78.1,"632,813",77.8,"-32,205",0.3,"407,395",75.4,"193,212",2.7,TOTAL F&B GROSS PROFIT,"996,809",76.6,"1,041,577",78.0,"-44,768",-1.4,"868,981",76.6,"127,828",0.1
"16,418",2.1,"16,418",2.0,0,0.1,"9,628",1.8,"6,789",0.4,SOUS CHEF,"16,418",1.3,"30,541",2.3,"-14,123",-1.0,"15,850",1.4,568,-0.1
"8,404",1.1,"8,404",1.0,0,0.1,0,0.0,"8,404",1.1,EXECUTIVE CHEF,"15,986",1.2,"15,940",1.2,47,0.0,0,0.0,"15,986",1.2
"7,308",1.0,"7,308",0.9,0,0.1,0,0.0,"7,308",1.0,EXECUTIVE SOUS CHEF,"13,893",1.1,"13,861",1.0,32,0.0,0,0.0,"13,893",1.1
"32,130",4.2,"32,130",3.9,0,0.2,"9,628",1.8,"22,502",2.4,TOTAL F&B KITCHEN MANAGEMENT,"46,298",3.6,"60,341",4.5,"-14,044",-1.0,"15,850",1.4,"30,448",2.2
"28,214",3.7,"28,214",3.5,0,0.2,"24,281",4.5,"3,933",-0.8,MANAGER,"50,203",3.9,"54,247",4.1,"-4,045",-0.2,"46,827",4.1,"3,375",-0.3
"9,898",1.3,"9,898",1.2,0,0.1,"7,312",1.4,"2,586",-0.1,ASSIST MANAGER,"15,535",1.2,"18,742",1.4,"-3,206",-0.2,"10,727",0.9,"4,808",0.2
"10,560",1.4,"9,781",1.2,779,0.2,"9,281",1.7,"1,279",-0.3,RESTAURANT MANAGER NE,"16,236",1.2,"16,878",1.3,-642,0.0,"17,688",1.6,"-1,452",-0.3
"9,865",1.3,"9,865",1.2,0,0.1,"8,656",1.6,"1,209",-0.3,F&B DIRECTOR,"18,766",1.4,"18,710",1.4,56,0.0,"18,288",1.6,478,-0.2
"58,537",7.6,"57,758",7.1,779,0.5,"49,530",9.2,"9,007",-1.6,TOTAL F&B SERVICE MANAGEMENT,"100,740",7.7,"108,578",8.1,"-7,837",-0.4,"93,531",8.2,"7,209",-0.5
"90,667",11.8,"89,888",11.0,779,0.7,"59,158",10.9,"31,509",0.8,TOTAL F&B MANAGEMENT,"147,038",11.3,"168,919",12.7,"-21,881",-1.3,"109,381",9.6,"37,657",1.7
"43,165",5.6,"52,218",6.4,"-9,053",-0.8,"37,959",7.0,"5,205",-1.4,COOK,"104,477",8.0,"83,402",6.2,"21,075",1.8,"70,163",6.2,"34,314",1.8
"40,203",5.2,"67,074",8.2,"-26,870",-3.0,"4,889",0.9,"35,314",4.3,STEWARD,"48,421",3.7,"79,425",5.9,"-31,004",-2.2,"8,765",0.8,"39,656",3.0
"10,232",1.3,"10,232",1.3,0,0.1,"14,923",2.8,"-4,691",-1.4,KITCHEN SUPERVISOR,"12,312",0.9,"21,551",1.6,"-9,239",-0.7,"25,101",2.2,"-12,788",-1.3
"4,417",0.6,"4,417",0.5,0,0.0,0,0.0,"4,417",0.6,CHIEF STEWARD,"9,100",0.7,"9,304",0.7,-203,0.0,0,0.0,"9,100",0.7
"98,017",12.7,"133,940",16.5,"-35,923",-3.7,"57,771",10.7,"40,246",2.1,TOTAL F&B KITCHEN NON-MANAGEMENT,"174,311",13.4,"193,682",14.5,"-19,371",-1.1,"104,029",9.2,"70,282",4.2
"22,822",3.0,"21,879",2.7,944,0.3,"15,696",2.9,"7,127",0.1,SERVERS,"36,790",2.8,"32,947",2.5,"3,843",0.4,"27,344",2.4,"9,445",0.4
"4,169",0.5,"4,659",0.6,-490,0.0,"4,093",0.8,76,-0.2,BUSSERS,"9,303",0.7,"8,933",0.7,370,0.0,"7,951",0.7,"1,352",0.0
"2,823",0.4,"2,952",0.4,-129,0.0,0,0.0,"2,823",0.4,RUNNER,"2,823",0.2,"5,632",0.4,"-2,809",-0.2,0,0.0,"2,823",0.2
"7,857",1.0,"9,961",1.2,"-2,105",-0.2,"7,798",1.4,59,-0.4,CASHIER,"20,762",1.6,"13,804",1.0,"6,959",0.6,"12,384",1.1,"8,378",0.5
"12,517",1.6,"12,996",1.6,-479,0.0,"12,086",2.2,430,-0.6,BARTENDERS,"23,652",1.8,"23,838",1.8,-186,0.0,"21,954",1.9,"1,698",-0.1
"5,639",0.7,"5,941",0.7,-302,0.0,"2,084",0.4,"3,555",0.3,BARBACKS,"7,879",0.6,"10,602",0.8,"-2,723",-0.2,"5,034",0.4,"2,845",0.2
"8,334",1.1,"8,837",1.1,-504,0.0,"4,488",0.8,"3,846",0.3,HOSTS,"13,498",1.0,"16,413",1.2,"-2,915",-0.2,"8,096",0.7,"5,402",0.3
"12,304",1.6,"12,529",1.5,-226,0.1,"9,969",1.8,"2,335",-0.2,SUPERVISOR,"17,470",1.3,"25,354",1.9,"-7,884",-0.6,"20,128",1.8,"-2,658",-0.4
"4,781",0.6,"4,428",0.5,353,0.1,"4,011",0.7,770,-0.1,BANQUET SETUP/BREAKDOWN,"9,900",0.8,"6,838",0.5,"3,062",0.2,"7,538",0.7,"2,362",0.1
"3,040",0.4,"3,040",0.4,0,0.0,"2,610",0.5,430,-0.1,ADMINISTRATIVE SUPPORT,"6,382",0.5,"5,766",0.4,616,0.1,"5,625",0.5,756,0.0
"84,285",11.0,"87,222",10.7,"-2,937",0.2,"62,835",11.6,"21,450",-0.7,TOTAL F&B VENUE NON-MANAGEMENT,"148,457",11.4,"150,125",11.2,"-1,668",0.2,"116,053",10.2,"32,404",1.2
"182,302",23.7,"221,163",27.2,"-38,861",-3.5,"120,606",22.3,"61,696",1.4,TOTAL F&B NON-MANAGEMENT,"322,768",24.8,"343,807",25.7,"-21,039",-0.9,"220,082",19.4,"102,686",5.4
"272,969",35.5,"311,051",38.2,"-38,082",-2.7,"179,765",33.2,"93,205",2.2,SUBTOTAL: F&B SALARIES & WAGES,"469,806",36.1,"512,726",38.4,"-42,920",-2.3,"329,463",29.0,"140,343",7.1
"46,898",6.1,"43,790",5.4,"3,108",0.7,"24,693",4.6,"22,205",1.5,SERVICE CHARGES DISTRIBUTED,"86,460",6.6,"75,850",5.7,"10,610",1.0,"62,183",5.5,"24,278",1.2
"46,898",6.1,"43,790",5.4,"3,108",0.7,"24,693",4.6,"22,205",1.5,TOTAL F&B SERVICE CHARGE,"86,460",6.6,"75,850",5.7,"10,610",1.0,"62,183",5.5,"24,278",1.2
"1,688",0.2,"1,688",0.2,0,0.0,"1,481",0.3,207,-0.1,BONUS/INCENTIVES - BANQUETS AND CATERING,"3,992",0.3,"3,376",0.3,616,0.1,"2,962",0.3,"1,030",0.0
"1,688",0.2,"1,688",0.2,0,0.0,"1,481",0.3,207,-0.1,TOTAL F&B BONUS,"3,992",0.3,"3,376",0.3,616,0.1,"2,962",0.3,"1,030",0.0
"46,267",6.0,"47,521",5.8,"-1,254",0.2,"59,289",11.0,"-13,023",-5.0,CONTRACTED/LEASED & OUTSOURCED LABOR,"69,744",5.4,"80,813",6.1,"-11,069",-0.7,"151,774",13.4,"-82,031",-8.0
"46,267",6.0,"47,521",5.8,"-1,254",0.2,"59,289",11.0,"-13,023",-5.0,TOTAL F&B CONTRACT LABOR,"69,744",5.4,"80,813",6.1,"-11,069",-0.7,"151,774",13.4,"-82,031",-8.0
"367,822",47.8,"404,050",49.7,"-36,228",-1.8,"265,228",49.1,"102,594",-1.2,"TOTAL F&B SALARIES, WAGES, SC, CONTRACT & BONUS","630,003",48.4,"672,765",50.4,"-42,762",-1.9,"546,382",48.1,"83,621",0.3
"27,587",3.6,"30,304",3.7,"-2,717",-0.1,"15,803",2.9,"11,784",0.7,PAYROLL TAXES,"45,372",3.5,"50,457",3.8,"-5,085",-0.3,"29,894",2.6,"15,478",0.9
"27,587",3.6,"30,304",3.7,"-2,717",-0.1,"15,803",2.9,"11,784",0.7,TOTAL F&B TAXES,"45,372",3.5,"50,457",3.8,"-5,085",-0.3,"29,894",2.6,"15,478",0.9
"1,108",0.1,"1,320",0.2,-212,0.0,"1,328",0.2,-219,-0.1,SUPPLEMENTAL PAY,"15,630",1.2,"9,968",0.7,"5,661",0.5,"9,852",0.9,"5,777",0.3
"7,862",1.0,"8,939",1.1,"-1,077",-0.1,"9,241",1.7,"-1,379",-0.7,PTO PAY,"16,920",1.3,"14,568",1.1,"2,352",0.2,"15,768",1.4,"1,152",-0.1
"8,971",1.2,"10,260",1.3,"-1,289",-0.1,"10,569",2.0,"-1,598",-0.8,TOTAL F&B SUPPLEMENTAL PAY,"32,549",2.5,"24,536",1.8,"8,013",0.7,"25,620",2.3,"6,929",0.2
"4,895",0.6,"5,402",0.7,-507,0.0,"6,099",1.1,"-1,204",-0.5,WORKERS COMP,"13,965",1.1,"9,187",0.7,"4,778",0.4,"12,197",1.1,"1,767",0.0
"26,138",3.4,"28,030",3.4,"-1,892",0.0,"25,877",4.8,261,-1.4,HEALTH INSURANCE,"14,711",1.1,"51,339",3.8,"-36,628",-2.7,"49,396",4.4,"-34,685",-3.2
751,0.1,774,0.1,-23,0.0,532,0.1,218,0.0,401K,"1,490",0.1,"1,420",0.1,70,0.0,997,0.1,493,0.0
112,0.0,112,0.0,0,0.0,93,0.0,19,0.0,EMPLOYEE BENEFITS,354,0.0,224,0.0,130,0.0,175,0.0,178,0.0
"5,283",0.7,"6,002",0.7,-719,-0.1,"1,705",0.3,"3,578",0.4,EMPLOYEE MEALS,"9,550",0.7,"9,773",0.7,-223,0.0,"3,760",0.3,"5,790",0.4
"37,178",4.8,"40,320",5.0,"-3,142",-0.1,"34,306",6.3,"2,872",-1.5,TOTAL F&B BENEFITS,"40,070",3.1,"71,943",5.4,"-31,874",-2.3,"66,526",5.9,"-26,456",-2.8
"73,735",9.6,"80,883",9.9,"-7,148",-0.4,"60,677",11.2,"13,058",-1.6,TOTAL F&B PAYROLL RELATED,"117,991",9.1,"146,937",11.0,"-28,945",-1.9,"122,040",10.8,"-4,049",-1.7
"441,557",57.4,"484,932",59.6,"-43,376",-2.2,"325,905",60.3,"115,652",-2.9,TOTAL F&B LABOR & RELATED,"747,994",57.5,"819,702",61.4,"-71,708",-3.9,"668,422",58.9,"79,572",-1.4
"2,000",0.3,"2,000",0.2,0,0.0,"1,842",0.3,158,-0.1,COMP SERVICES & GIFTS,"3,144",0.2,"4,000",0.3,-856,-0.1,"4,516",0.4,"-1,371",-0.2
"1,105",0.1,"1,172",0.1,-67,0.0,"4,463",0.8,"-3,358",-0.7,CLEANING SUPPLIES,"1,938",0.1,"2,083",0.2,-145,0.0,"4,487",0.4,"-2,549",-0.2
"10,250",1.3,"10,250",1.3,0,0.1,"8,862",1.6,"1,388",-0.3,CONTRACT SERVICES,"21,806",1.7,"20,500",1.5,"1,306",0.1,"17,706",1.6,"4,100",0.1
"1,200",0.2,"1,200",0.1,0,0.0,300,0.1,900,0.1,DECORATIONS,"1,939",0.1,"1,200",0.1,739,0.1,300,0.0,"1,639",0.1
"2,210",0.3,"2,343",0.3,-134,0.0,0,0.0,"2,210",0.3,DISHWASHING SUPPLIES,"2,648",0.2,"3,862",0.3,"-1,214",-0.1,0,0.0,"2,648",0.2
"1,176",0.2,"1,176",0.1,0,0.0,"1,176",0.2,0,-0.1,DUES & SUBSCRIPTIONS,"2,788",0.2,"2,351",0.2,437,0.0,"2,351",0.2,437,0.0
350,0.0,350,0.0,0,0.0,0,0.0,350,0.0,EMP TRAIN & DEVELOP,350,0.0,525,0.0,-175,0.0,0,0.0,350,0.0
"2,949",0.4,"2,949",0.4,0,0.0,"2,949",0.5,0,-0.2,EQUIPMENT RENTAL,"5,623",0.4,"7,604",0.6,"-1,981",-0.1,"7,604",0.7,"-1,981",-0.2
919,0.1,975,0.1,-56,0.0,196,0.0,723,0.1,KITCHEN FUEL,"1,682",0.1,"1,743",0.1,-61,0.0,507,0.0,"1,175",0.1
"4,411",0.6,"4,102",0.5,309,0.1,0,0.0,"4,411",0.6,LAUNDRY & DRY CLEANING,"7,757",0.6,"6,949",0.5,807,0.1,0,0.0,"7,757",0.6
484,0.1,484,0.1,0,0.0,484,0.1,0,0.0,LICENSES & PERMITS,804,0.1,967,0.1,-163,0.0,967,0.1,-163,0.0
750,0.1,750,0.1,0,0.0,"1,291",0.2,-541,-0.1,MISCELLANEOUS,"2,628",0.2,"1,500",0.1,"1,128",0.1,"1,981",0.2,647,0.0
"7,000",0.9,"7,000",0.9,0,0.0,"12,082",2.2,"-5,082",-1.3,MUSIC & ENTERTAINMENT,"18,125",1.4,"14,000",1.0,"4,125",0.3,"32,489",2.9,"-14,364",-1.5
"1,839",0.2,"1,951",0.2,-111,0.0,415,0.1,"1,424",0.2,OPERATING SUPPLIES,"4,085",0.3,"2,976",0.2,"1,109",0.1,"1,418",0.1,"2,667",0.2
"7,733",1.0,"8,201",1.0,-468,0.0,"6,811",1.3,922,-0.3,PAPER SUPPLIES,"14,157",1.1,"13,516",1.0,641,0.1,"12,468",1.1,"1,689",0.0
"1,500",0.2,"1,500",0.2,0,0.0,268,0.0,"1,232",0.1,PRINTING & STATIONERY,"1,500",0.1,"1,500",0.1,0,0.0,268,0.0,"1,232",0.1
0,0.0,0,0.0,0,0.0,"1,278",0.2,"-1,278",-0.2,T&E - MEALS,0,0.0,0,0.0,0,0.0,"1,278",0.1,"-1,278",-0.1
0,0.0,0,0.0,0,0.0,"1,314",0.2,"-1,314",-0.2,T&E - OTHER,0,0.0,0,0.0,0,0.0,"2,091",0.2,"-2,091",-0.2
300,0.0,300,0.0,0,0.0,"1,613",0.3,"-1,313",-0.3,UNIFORM CLEANING,300,0.0,300,0.0,0,0.0,"1,791",0.2,"-1,491",-0.1
"1,200",0.2,"1,200",0.1,0,0.0,"1,173",0.2,27,-0.1,UNIFORM REPLACEMENT,"1,200",0.1,"1,200",0.1,0,0.0,"1,173",0.1,27,0.0
0,0.0,0,0.0,0,0.0,"3,348",0.6,"-3,348",-0.6,DEPARTMENTAL ALLOCATION,0,0.0,0,0.0,0,0.0,"5,809",0.5,"-5,809",-0.5
"47,375",6.2,"47,901",5.9,-526,0.3,"49,864",9.2,"-2,489",-3.1,TOTAL F&B OTHER EXPENSES,"92,474",7.1,"86,777",6.5,"5,697",0.6,"99,204",8.7,"-6,730",-1.6
"657,451",85.5,"713,650",87.7,"-56,198",-2.2,"509,035",94.2,"148,416",-8.7,TOTAL F&B EXPENSE,"1,144,254",88.0,"1,200,184",89.9,"-55,929",-1.9,"1,033,411",91.1,"110,843",-3.1
"111,676",14.5,"99,980",12.3,"11,696",2.2,"31,626",5.8,"80,049",8.7,TOTAL F&B PROFIT,"156,341",12.0,"135,099",10.1,"21,243",1.9,"101,354",8.9,"54,987",3.1
0,0.0,0,0.0,0,0.0,"75,804",14.0,"-75,804",-14.0,COST OF SALES-FOOD,"68,684",5.3,0,0.0,"68,684",5.3,"141,298",12.5,"-72,614",-7.2
"-10,539",-1.4,"-11,256",-1.4,717,0.0,"-3,427",-0.6,"-7,112",-0.7,EMPLOYEE MEALS CREDIT,"-18,749",-1.4,"-19,719",-1.5,969,0.0,"-5,647",-0.5,"-13,103",-0.9
0,0.0,0,0.0,0,0.0,"8,764",1.6,"-8,764",-1.6,COST OF SALES-LIQUOR,"4,977",0.4,0,0.0,"4,977",0.4,"19,301",1.7,"-14,324",-1.3
0,0.0,0,0.0,0,0.0,772,0.1,-772,-0.1,COST OF SALES-BEER,"3,593",0.3,0,0.0,"3,593",0.3,"6,195",0.5,"-2,603",-0.3
0,0.0,0,0.0,0,0.0,"3,701",0.7,"-3,701",-0.7,COST OF SALES-WINE,"5,310",0.4,0,0.0,"5,310",0.4,"5,901",0.5,-591,-0.1
0,0.0,0,0.0,0,0.0,579,0.1,-579,-0.1,COST OF SALES-OTHER,0,0.0,0,0.0,0,0.0,"1,807",0.2,"-1,807",-0.2
0,0.0,0,0.0,0,0.0,256,0.0,-256,0.0,COST OF SALES-OTHER - RETAIL,521,0.0,0,0.0,521,0.0,"2,206",0.2,"-1,685",-0.2
"-10,539",-1.4,"-11,256",-1.4,717,0.0,"86,448",16.0,"-96,987",-17.4,TOTAL FOOD & BEVERAGE ADMIN COST OF SALES,"64,335",4.9,"-19,719",-1.5,"84,054",6.4,"171,063",15.1,"-106,727",-10.1
"8,404",1.1,"8,404",1.0,0,0.1,0,0.0,"8,404",1.1,EXECUTIVE CHEF,"15,986",1.2,"15,940",1.2,47,0.0,0,0.0,"15,986",1.2
"7,308",1.0,"7,308",0.9,0,0.1,0,0.0,"7,308",1.0,EXECUTIVE SOUS CHEF,"13,893",1.1,"13,861",1.0,32,0.0,0,0.0,"13,893",1.1
"15,712",2.0,"15,712",1.9,0,0.1,0,0.0,"15,712",2.0,TOTAL FOOD & BEVERAGE ADMIN KITCHEN MANAGEMENT,"29,880",2.3,"29,801",2.2,79,0.1,0,0.0,"29,880",2.3
"9,865",1.3,"9,865",1.2,0,0.1,"8,656",1.6,"1,209",-0.3,F&B DIRECTOR,"18,766",1.4,"18,710",1.4,56,0.0,"18,288",1.6,478,-0.2
"6,212",0.8,"6,212",0.8,0,0.0,"5,576",1.0,636,-0.2,DIRECTOR OF RESTAURANTS,"12,144",0.9,"11,782",0.9,361,0.1,"11,471",1.0,672,-0.1
"3,040",0.4,"3,040",0.4,0,0.0,"2,610",0.5,430,-0.1,ADMINISTRATIVE SUPPORT,"6,382",0.5,"5,766",0.4,616,0.1,"5,625",0.5,756,0.0
"19,117",2.5,"19,117",2.3,0,0.1,"16,843",3.1,"2,274",-0.6,TOTAL FOOD & BEVERAGE ADMIN SERVICE MANAGEMENT,"37,291",2.9,"36,258",2.7,"1,033",0.2,"35,385",3.1,"1,907",-0.3
"34,829",4.5,"34,829",4.3,0,0.2,"16,843",3.1,"17,987",1.4,TOTAL FOOD & BEVERAGE ADMIN MANAGEMENT,"67,171",5.2,"66,059",4.9,"1,112",0.2,"35,385",3.1,"31,786",2.0
"4,417",0.6,"4,417",0.5,0,0.0,0,0.0,"4,417",0.6,CHIEF STEWARD,"9,100",0.7,"9,304",0.7,-203,0.0,0,0.0,"9,100",0.7
"16,075",2.1,"17,600",2.2,"-1,525",-0.1,"18,906",3.5,"-2,832",-1.4,KITCHEN-COOK,"52,189",4.0,"28,923",2.2,"23,266",1.8,"27,701",2.4,"24,488",1.6
"4,179",0.5,"4,175",0.5,4,0.0,"2,827",0.5,"1,353",0.0,KITCHEN-STEWARD,"5,326",0.4,"6,602",0.5,"-1,276",-0.1,"4,385",0.4,940,0.0
"2,736",0.4,"2,736",0.3,0,0.0,"4,915",0.9,"-2,179",-0.6,KITCHEN SUPERVISOR,"2,736",0.2,"5,763",0.4,"-3,027",-0.2,"10,482",0.9,"-7,746",-0.7
0,0.0,0,0.0,0,0.0,"3,086",0.6,"-3,086",-0.6,SUPERVISOR,0,0.0,0,0.0,0,0.0,"4,103",0.4,"-4,103",-0.4
"27,407",3.6,"28,928",3.6,"-1,521",0.0,"29,734",5.5,"-2,326",-1.9,TOTAL FOOD & BEVERAGE ADMIN KITCHEN NON-MANAGEMENT,"69,351",5.3,"50,591",3.8,"18,760",1.5,"46,671",4.1,"22,680",1.2
"4,077",0.5,"4,077",0.5,0,0.0,"4,077",0.8,0,-0.2,SOUS CHEF,"4,077",0.3,"7,135",0.5,"-3,058",-0.2,"7,135",0.6,"-3,058",-0.3
"4,077",0.5,"4,077",0.5,0,0.0,"4,077",0.8,0,-0.2,TOTAL FOOD & BEVERAGE ADMIN VENUES NON-MANAGEMENT,"4,077",0.3,"7,135",0.5,"-3,058",-0.2,"7,135",0.6,"-3,058",-0.3
"31,484",4.1,"33,005",4.1,"-1,521",0.0,"33,810",6.3,"-2,326",-2.2,TOTAL FOOD & BEVERAGE ADMIN NON-MANAGEMENT,"73,428",5.6,"57,725",4.3,"15,703",1.3,"53,806",4.7,"19,622",0.9
"66,313",8.6,"67,834",8.3,"-1,521",0.3,"50,653",9.4,"15,660",-0.7,SUBTOTAL: FOOD & BEVERAGE ADMIN SALARIES & WAGES,"140,599",10.8,"123,784",9.3,"16,815",1.5,"89,190",7.9,"51,409",3.0
"1,875",0.2,"1,875",0.2,0,0.0,"1,875",0.3,0,-0.1,SERVICE CHARGES DISTRIBUTED,"1,996",0.2,"3,083",0.2,"-1,087",-0.1,"3,083",0.3,"-1,087",-0.1
"1,875",0.2,"1,875",0.2,0,0.0,"1,875",0.3,0,-0.1,TOTAL FOOD & BEVERAGE ADMIN SERVICE CHARGES,"1,996",0.2,"3,083",0.2,"-1,087",-0.1,"3,083",0.3,"-1,087",-0.1
"1,688",0.2,"1,688",0.2,0,0.0,"1,481",0.3,207,-0.1,BONUS/INCENTIVES - FOOD AND BEVERAGE ADMIN,"3,992",0.3,"3,376",0.3,616,0.1,"2,962",0.3,"1,030",0.0
"1,688",0.2,"1,688",0.2,0,0.0,"1,481",0.3,207,-0.1,TOTAL FOOD & BEVERAGE ADMIN BONUS,"3,992",0.3,"3,376",0.3,616,0.1,"2,962",0.3,"1,030",0.0
"27,458",3.6,"29,047",3.6,"-1,589",0.0,"59,289",11.0,"-31,831",-7.4,CONTRACTED/LEASED & OUTSOURCED LABOR,"42,760",3.3,"47,670",3.6,"-4,910",-0.3,"144,156",12.7,"-101,396",-9.4
"27,458",3.6,"29,047",3.6,"-1,589",0.0,"59,289",11.0,"-31,831",-7.4,TOTAL FOOD & BEVERAGE CONTRACT LABOR,"42,760",3.3,"47,670",3.6,"-4,910",-0.3,"144,156",12.7,"-101,396",-9.4
"97,334",12.7,"100,444",12.3,"-3,110",0.3,"113,298",21.0,"-15,964",-8.3,"TOTAL FOOD & BEVERAGE ADMIN SALARIES, WAGES, SC, CONTRACT & BONUS","189,347",14.6,"177,912",13.3,"11,435",1.2,"239,391",21.1,"-50,044",-6.5
"7,300",0.9,"7,533",0.9,-233,0.0,"3,476",0.6,"3,824",0.3,PAYROLL TAXES,"11,456",0.9,"13,343",1.0,"-1,888",-0.1,"6,313",0.6,"5,143",0.3
"7,300",0.9,"7,533",0.9,-233,0.0,"3,476",0.6,"3,824",0.3,TOTAL FOOD & BEVERAGE ADMIN PAYROLL TAXES,"11,456",0.9,"13,343",1.0,"-1,888",-0.1,"6,313",0.6,"5,143",0.3
623,0.1,643,0.1,-20,0.0,856,0.2,-233,-0.1,SUPPLEMENTAL PAY,"5,191",0.4,"2,541",0.2,"2,650",0.2,"3,470",0.3,"1,721",0.1
"1,917",0.2,"1,979",0.2,-61,0.0,"4,364",0.8,"-2,447",-0.6,PTO PAY,"4,679",0.4,"3,505",0.3,"1,174",0.1,"6,404",0.6,"-1,725",-0.2
"2,540",0.3,"2,622",0.3,-81,0.0,"5,220",1.0,"-2,680",-0.6,TOTAL FOOD & BEVERAGE ADMIN SUPPLEMENTAL PAY,"9,870",0.8,"6,046",0.5,"3,824",0.3,"9,874",0.9,-4,-0.1
740,0.1,763,0.1,-24,0.0,"1,101",0.2,-362,-0.1,WORKERS COMP,"1,854",0.1,"1,352",0.1,502,0.0,"2,203",0.2,-349,-0.1
"4,692",0.6,"4,841",0.6,-150,0.0,"5,776",1.1,"-1,084",-0.5,HEALTH INSURANCE,"3,474",0.3,"8,575",0.6,"-5,101",-0.4,"11,892",1.0,"-8,418",-0.8
428,0.1,442,0.1,-14,0.0,273,0.1,155,0.0,401K,903,0.1,798,0.1,105,0.0,547,0.0,357,0.0
922,0.1,965,0.1,-43,0.0,483,0.1,439,0.0,EMPLOYEE MEALS,"2,018",0.2,"1,664",0.1,353,0.0,507,0.0,"1,511",0.1
36,0.0,36,0.0,0,0.0,25,0.0,11,0.0,EMPLOYEE BENEFITS,87,0.0,72,0.0,15,0.0,45,0.0,42,0.0
"6,817",0.9,"7,048",0.9,-231,0.0,"7,658",1.4,-841,-0.5,TOTAL FOOD & BEVERAGE ADMIN BENEFITS,"8,336",0.6,"12,462",0.9,"-4,126",-0.3,"15,193",1.3,"-6,857",-0.7
"16,658",2.2,"17,203",2.1,-545,0.1,"16,354",3.0,303,-0.9,TOTAL FOOD & BEVERAGE ADMIN TAXES & BENEFITS,"29,661",2.3,"31,851",2.4,"-2,190",-0.1,"31,379",2.8,"-1,718",-0.5
"113,992",14.8,"117,647",14.5,"-3,655",0.4,"129,653",24.0,"-15,661",-9.2,"TOTAL FOOD & BEVERAGE ADMIN PAYROLL, TAXES & BENEFITS","219,008",16.8,"209,764",15.7,"9,245",1.1,"270,770",23.9,"-51,762",-7.0
"1,105",0.1,"1,172",0.1,-67,0.0,"4,463",0.8,"-3,358",-0.7,CLEANING SUPPLIES,"1,938",0.1,"2,083",0.2,-145,0.0,"4,487",0.4,"-2,549",-0.2
"2,000",0.3,"2,000",0.2,0,0.0,"1,842",0.3,158,-0.1,COMP FOOD & BEVERAGE,"3,144",0.2,"4,000",0.3,-856,-0.1,"4,516",0.4,"-1,371",-0.2
"10,250",1.3,"10,250",1.3,0,0.1,"8,862",1.6,"1,388",-0.3,CONTRACT SERVICES,"21,806",1.7,"20,500",1.5,"1,306",0.1,"17,706",1.6,"4,100",0.1
"1,200",0.2,"1,200",0.1,0,0.0,300,0.1,900,0.1,DECORATIONS,"1,472",0.1,"1,200",0.1,272,0.0,300,0.0,"1,172",0.1
"2,210",0.3,"2,343",0.3,-134,0.0,0,0.0,"2,210",0.3,DISHWASHING SUPPLIES,"2,648",0.2,"3,862",0.3,"-1,214",-0.1,0,0.0,"2,648",0.2
748,0.1,748,0.1,0,0.0,748,0.1,0,0.0,DUES & SUBSCRIPTIONS,"2,096",0.2,"1,231",0.1,864,0.1,"1,231",0.1,864,0.1
350,0.0,350,0.0,0,0.0,0,0.0,350,0.0,EMP TRAIN & DEVELOP,350,0.0,525,0.0,-175,0.0,0,0.0,350,0.0
"2,949",0.4,"2,949",0.4,0,0.0,"2,949",0.5,0,-0.2,EQUIPMENT RENTAL,"5,623",0.4,"7,604",0.6,"-1,981",-0.1,"7,604",0.7,"-1,981",-0.2
919,0.1,975,0.1,-56,0.0,196,0.0,723,0.1,KITCHEN FUEL,"1,682",0.1,"1,743",0.1,-61,0.0,507,0.0,"1,175",0.1
"4,411",0.6,"4,102",0.5,309,0.1,0,0.0,"4,411",0.6,LAUNDRY & DRY CLEANING,"7,757",0.6,"6,949",0.5,807,0.1,0,0.0,"7,757",0.6
0,0.0,0,0.0,0,0.0,"3,348",0.6,"-3,348",-0.6,LAUNDRY ALLOCATION,0,0.0,0,0.0,0,0.0,"5,809",0.5,"-5,809",-0.5
484,0.1,484,0.1,0,0.0,484,0.1,0,0.0,LICENSES & PERMITS,804,0.1,967,0.1,-163,0.0,967,0.1,-163,0.0
750,0.1,750,0.1,0,0.0,"1,291",0.2,-541,-0.1,MISCELLANEOUS,"2,628",0.2,"1,500",0.1,"1,128",0.1,"1,981",0.2,647,0.0
"3,500",0.5,"3,500",0.4,0,0.0,"5,982",1.1,"-2,482",-0.7,MUSIC & ENTERTAINMENT,"8,500",0.7,"7,000",0.5,"1,500",0.1,"21,389",1.9,"-12,889",-1.2
"1,839",0.2,"1,951",0.2,-111,0.0,415,0.1,"1,424",0.2,OPERATING SUPPLIES,"4,085",0.3,"2,976",0.2,"1,109",0.1,"1,418",0.1,"2,667",0.2
"7,733",1.0,"8,201",1.0,-468,0.0,"6,811",1.3,922,-0.3,PAPER/PLASTICS SUPPLIES,"14,157",1.1,"13,516",1.0,641,0.1,"12,468",1.1,"1,689",0.0
"1,500",0.2,"1,500",0.2,0,0.0,268,0.0,"1,232",0.1,PRINTING & STATIONERY,"1,500",0.1,"1,500",0.1,0,0.0,268,0.0,"1,232",0.1
0,0.0,0,0.0,0,0.0,"1,278",0.2,"-1,278",-0.2,T&E - MEALS,0,0.0,0,0.0,0,0.0,"1,278",0.1,"-1,278",-0.1
0,0.0,0,0.0,0,0.0,"1,314",0.2,"-1,314",-0.2,T&E - OTHER,0,0.0,0,0.0,0,0.0,"2,091",0.2,"-2,091",-0.2
300,0.0,300,0.0,0,0.0,"1,613",0.3,"-1,313",-0.3,UNIFORM CLEANING,300,0.0,300,0.0,0,0.0,"1,791",0.2,"-1,491",-0.1
"1,200",0.2,"1,200",0.1,0,0.0,"1,173",0.2,27,-0.1,UNIFORM REPLACEMENT,"1,200",0.1,"1,200",0.1,0,0.0,"1,173",0.1,27,0.0
"43,448",5.6,"43,973",5.4,-526,0.2,"43,337",8.0,111,-2.4,TOTAL FOOD & BEVERAGE ADMIN OTHER EXPENSES,"81,690",6.3,"78,657",5.9,"3,033",0.4,"86,984",7.7,"-5,295",-1.4
"146,901",19.1,"150,364",18.5,"-3,463",0.6,"259,438",48.0,"-112,537",-28.9,TOTAL FOOD & BEVERAGE ADMIN EXPENSE,"365,033",28.1,"268,702",20.1,"96,331",7.9,"528,817",46.6,"-163,784",-18.5
"-146,901",-19.1,"-150,364",-18.5,"3,463",-0.6,"-259,438",-48.0,"112,537",28.9,TOTAL FOOD & BEVERAGE ADMIN PROFIT,"-365,033",-28.1,"-268,702",-20.1,"-96,331",-7.9,"-528,817",-46.6,"163,784",18.5
"13,702",22.1,"21,995",19.7,"-8,293",2.4,"18,402",17.2,"-4,701",4.9,BREAKFAST,"26,636",25.0,"33,777",19.3,"-7,141",5.7,"29,801",17.6,"-3,164",7.4
"12,911",20.8,"23,724",21.3,"-10,813",-0.4,"20,179",18.9,"-7,269",1.9,LUNCH,"20,003",18.8,"36,338",20.8,"-16,335",-2.0,"31,293",18.5,"-11,289",0.3
"16,556",26.7,"34,281",30.8,"-17,725",-4.0,"20,753",19.5,"-4,196",7.3,DINNER,"21,097",19.8,"52,598",30.0,"-31,501",-10.2,"31,133",18.4,"-10,036",1.4
"43,168",69.7,"80,000",71.8,"-36,832",-2.1,"59,334",55.6,"-16,166",14.1,TOTAL License to Chill  FOOD,"67,736",63.7,"122,714",70.1,"-54,978",-6.4,"92,227",54.5,"-24,490",9.2
"12,731",20.6,"22,638",20.3,"-9,907",0.2,"31,921",29.9,"-19,190",-9.4,LIQUOR,"27,053",25.4,"37,684",21.5,"-10,631",3.9,"52,859",31.2,"-25,806",-5.8
"3,805",6.1,"5,974",5.4,"-2,169",0.8,"11,081",10.4,"-7,276",-4.2,BEER,"7,483",7.0,"9,944",5.7,"-2,461",1.4,"17,373",10.3,"-9,890",-3.2
"2,232",3.6,"2,830",2.5,-598,1.1,"4,550",4.3,"-2,319",-0.7,WINE,"4,201",3.9,"4,711",2.7,-510,1.3,"7,267",4.3,"-3,067",-0.3
"18,768",30.3,"31,441",28.2,"-12,674",2.1,"47,553",44.6,"-28,785",-14.3,TOTAL License to Chill  BEVERAGE,"38,736",36.4,"52,339",29.9,"-13,602",6.5,"77,499",45.8,"-38,763",-9.3
0,0.0,0,0.0,0,0.0,0,0.0,0,0.0,SERVICE CHARGES,0,0.0,0,0.0,0,0.0,9,0.0,-9,0.0
0,0.0,0,0.0,0,0.0,-222,-0.2,222,0.2,ALLOWANCES,-89,-0.1,0,0.0,-89,-0.1,-400,-0.2,311,0.2
0,0.0,0,0.0,0,0.0,27,0.0,-27,0.0,OTHER,0,0.0,0,0.0,0,0.0,27,0.0,-27,0.0
0,0.0,0,0.0,0,0.0,-195,-0.2,195,0.2,TOTAL License to Chill OTHER,-89,-0.1,0,0.0,-89,-0.1,-364,-0.2,275,0.1
"61,936",100.0,"111,441",100.0,"-49,505",0.0,"106,693",100.0,"-44,757",0.0,TOTAL License to Chill  REVENUE,"106,383",100.0,"175,053",100.0,"-68,669",0.0,"169,362",100.0,"-62,978",0.0
"13,382",31.0,"24,800",31.0,"-11,418",0.0,0,0.0,"13,382",31.0,FOOD,"13,382",19.8,"38,041",31.0,"-24,659",-11.2,0,0.0,"13,382",19.8
"2,037",16.0,"3,622",16.0,"-1,585",0.0,0,0.0,"2,037",16.0,LIQUOR,"2,037",7.5,"6,029",16.0,"-3,992",-8.5,0,0.0,"2,037",7.5
723,19.0,"1,135",19.0,-412,0.0,0,0.0,723,19.0,BEER,723,9.7,"1,889",19.0,"-1,166",-9.3,0,0.0,723,9.7
558,25.0,707,25.0,-149,0.0,0,0.0,558,25.0,WINE,558,13.3,"1,178",25.0,-620,-11.7,0,0.0,558,13.3
"16,700",27.0,"30,265",27.2,"-13,564",-0.2,0,0.0,"16,700",27.0,TOTAL VENUE 1 COST OF SALES,"16,700",15.7,"47,138",26.9,"-30,438",-11.2,0,0.0,"16,700",15.7
"45,236",73.0,"81,177",72.8,"-35,941",0.2,"106,693",100.0,"-61,457",-27.0,TOTAL VENUE 1 GROSS PROFIT,"89,683",84.3,"127,915",73.1,"-38,232",11.2,"169,362",100.0,"-79,678",-15.7
"4,396",7.1,"4,396",3.9,0,3.2,"4,231",4.0,165,3.1,MANAGER,"7,896",7.4,"8,337",4.8,-441,2.7,"8,703",5.1,-807,2.3
"3,288",5.3,"3,288",3.0,0,2.4,"4,860",4.6,"-1,572",0.8,ASSISTANT MANAGER,"3,288",3.1,"6,236",3.6,"-2,948",-0.5,"7,629",4.5,"-4,341",-1.4
"7,684",12.4,"7,684",6.9,0,5.5,"9,091",8.5,"-1,407",3.9,TOTAL VENUE 1 SERVICE MANAGEMENT,"11,184",10.5,"14,573",8.3,"-3,389",2.2,"16,332",9.6,"-5,149",0.9
"7,684",12.4,"7,684",6.9,0,5.5,"9,091",8.5,"-1,407",3.9,TOTAL VENUE 1 MANAGEMENT,"11,184",10.5,"14,573",8.3,"-3,389",2.2,"16,332",9.6,"-5,149",0.9
"4,019",6.5,"4,019",3.6,0,2.9,0,0.0,"4,019",6.5,SOUS CHEF,"4,019",3.8,"7,622",4.4,"-3,604",-0.6,0,0.0,"4,019",3.8
"5,353",8.6,"9,920",8.9,"-4,567",-0.3,"6,494",6.1,"-1,141",2.6,COOKS,"8,950",8.4,"15,217",8.7,"-6,267",-0.3,"13,864",8.2,"-4,914",0.2
"31,223",50.4,"57,862",51.9,"-26,639",-1.5,"2,062",1.9,"29,160",48.5,STEWARDS,"32,672",30.7,"63,438",36.2,"-30,766",-5.5,"4,380",2.6,"28,292",28.1
"2,736",4.4,"2,736",2.5,0,2.0,"8,149",7.6,"-5,413",-3.2,KITCHEN SUPERVISOR,"2,736",2.6,"5,763",3.3,"-3,027",-0.7,"12,372",7.3,"-9,636",-4.7
"43,330",70.0,"74,537",66.9,"-31,206",3.1,"16,705",15.7,"26,626",54.3,TOTAL VENUE 1 KITCHEN NON-MANAGEMENT,"48,377",45.5,"92,039",52.6,"-43,663",-7.1,"30,616",18.1,"17,760",27.4
"3,967",6.4,"3,963",3.6,4,2.8,"2,970",2.8,997,3.6,SERVERS,"6,275",5.9,"6,267",3.6,8,2.3,"5,839",3.4,436,2.5
"1,346",2.2,"1,707",1.5,-361,0.6,85,0.1,"1,261",2.1,BUSSERS,"3,292",3.1,"3,301",1.9,-9,1.2,757,0.4,"2,535",2.6
"2,935",4.7,"3,213",2.9,-279,1.9,"4,384",4.1,"-1,449",0.6,BARTENDERS,"5,245",4.9,"5,694",3.3,-449,1.7,"7,848",4.6,"-2,603",0.3
"1,817",2.9,"1,989",1.8,-172,1.1,"1,241",1.2,576,1.8,BARBACKS,"2,974",2.8,"3,482",2.0,-509,0.8,"2,997",1.8,-23,1.0
"2,489",4.0,"2,725",2.4,-236,1.6,"1,941",1.8,548,2.2,HOSTS,"3,929",3.7,"4,771",2.7,-841,1.0,"2,742",1.6,"1,187",2.1
"2,508",4.0,"2,508",2.3,0,1.8,"2,085",2.0,423,2.1,SUPERVISOR,"3,122",2.9,"5,282",3.0,"-2,161",-0.1,"6,024",3.6,"-2,902",-0.6
"15,062",24.3,"16,106",14.5,"-1,044",9.9,"12,706",11.9,"2,357",12.4,TOTAL VENUE 1 VENUE NON-MANAGEMENT,"24,837",23.3,"28,797",16.5,"-3,960",6.9,"26,207",15.5,"-1,370",7.9
"58,393",94.3,"90,643",81.3,"-32,250",12.9,"29,410",27.6,"28,982",66.7,TOTAL VENUE 1 NON-MANAGEMENT,"73,213",68.8,"120,837",69.0,"-47,623",-0.2,"56,823",33.6,"16,390",35.3
"66,076",106.7,"98,326",88.2,"-32,250",18.5,"38,501",36.1,"27,575",70.6,SUBTOTAL: VENUE 1 SALARIES & WAGES,"84,397",79.3,"135,410",77.4,"-51,013",2.0,"73,156",43.2,"11,241",36.1
0,0.0,0,0.0,0,0.0,0,0.0,0,0.0,CONTRACTED/LEASED & OUTSOURCED LABOR,"2,392",2.2,0,0.0,"2,392",2.2,0,0.0,"2,392",2.2
0,0.0,0,0.0,0,0.0,0,0.0,0,0.0,TOTAL VENUE 1 CONTRACT LABOR,"2,392",2.2,0,0.0,"2,392",2.2,0,0.0,"2,392",2.2
"66,076",106.7,"98,326",88.2,"-32,250",18.5,"38,501",36.1,"27,575",70.6,"TOTAL VENUE 1 SALARIES, WAGES, SC, CONTRACT & BONUS","86,789",81.6,"135,410",77.4,"-48,621",4.2,"73,156",43.2,"13,633",38.4
"4,956",8.0,"7,374",6.6,"-2,419",1.4,"3,548",3.3,"1,408",4.7,PAYROLL TAXES,"7,113",6.7,"10,156",5.8,"-3,043",0.9,"6,765",4.0,348,2.7
"4,956",8.0,"7,374",6.6,"-2,419",1.4,"3,548",3.3,"1,408",4.7,TOTAL VENUE 1 TAXES,"7,113",6.7,"10,156",5.8,"-3,043",0.9,"6,765",4.0,348,2.7
370,0.0,551,0.0,-181,0.0,88,0.0,282,0.0,SUPPLEMENTAL PAY,"4,506",0.0,"2,357",0.0,"2,150",0.0,"1,704",0.0,"2,802",0.0
"2,068",3.3,"3,078",2.8,"-1,009",0.6,"1,601",1.5,467,1.8,PTO PAY,"3,247",3.1,"4,238",2.4,-991,0.6,"2,368",1.4,879,1.7
"2,438",3.9,"3,628",3.3,"-1,190",0.7,"1,689",1.6,749,2.4,TOTAL VENUE 1 SUPPLEMENTAL PAY,"7,754",7.3,"6,595",3.8,"1,159",3.5,"4,072",2.4,"3,682",4.9
879,1.4,"1,308",1.2,-429,0.2,"1,084",1.0,-205,0.4,WORKERS COMP,"3,418",3.2,"1,801",1.0,"1,618",2.2,"2,167",1.3,"1,251",1.9
"4,467",7.2,"6,647",6.0,"-2,180",1.2,"6,627",6.2,"-2,161",1.0,HEALTH INSURANCE,"1,778",1.7,"11,568",6.6,"-9,790",-4.9,"12,614",7.4,"-10,836",-5.8
20,0.0,29,0.0,-10,0.0,52,0.0,-32,0.0,401K,45,0.0,55,0.0,-10,0.0,82,0.0,-36,0.0
"1,289",2.1,"1,891",1.7,-602,0.4,323,0.3,966,1.8,EMPLOYEE MEALS,"1,940",1.8,"2,587",1.5,-647,0.3,367,0.2,"1,573",1.6
30,0.0,30,0.0,0,0.0,24,0.0,7,0.0,EMPLOYEE BENEFITS,60,0.1,60,0.0,0,0.0,47,0.0,14,0.0
"6,685",10.8,"9,905",8.9,"-3,221",1.9,"8,109",7.6,"-1,424",3.2,TOTAL VENUE 1 BENEFITS,"7,242",6.8,"16,071",9.2,"-8,829",-2.4,"15,277",9.0,"-8,035",-2.2
"14,079",22.7,"20,908",18.8,"-6,829",4.0,"13,346",12.5,733,10.2,TOTAL VENUE 1 PAYROLL RELATED,"22,109",20.8,"32,821",18.7,"-10,713",2.0,"26,114",15.4,"-4,006",5.4
"80,155",129.4,"119,234",107.0,"-39,079",22.4,"51,847",48.6,"28,308",80.8,TOTAL VENUE 1 LABOR & RELATED,"108,897",102.4,"168,231",96.1,"-59,334",6.3,"99,270",58.6,"9,628",43.7
0,0.0,0,0.0,0,0.0,0,0.0,0,0.0,DUES & SUBSCRIPTIONS,0,0.0,265,0.2,-265,-0.2,265,0.2,-265,-0.2
"96,855",156.4,"149,499",134.2,"-52,644",22.2,"51,847",48.6,"45,008",107.8,TOTAL License to Chill  EXPENSE,"125,597",118.1,"215,634",123.2,"-90,037",-5.1,"99,535",58.8,"26,062",59.3
"-34,919",-56.4,"-38,057",-34.2,"3,138",-22.2,"54,846",51.4,"-89,765",-107.8,TOTAL License to Chill  PROFIT,"-19,214",-18.1,"-40,581",-23.2,"21,367",5.1,"69,827",41.2,"-89,041",-59.3
0,0.0,0,0.0,0,0.0,-8,0.0,8,0.0,BREAKFAST,28,0.0,0,0.0,28,0.0,-77,0.0,105,0.1
"29,349",26.5,"28,154",24.3,"1,196",2.2,"19,404",19.8,"9,946",6.7,LUNCH,"56,070",25.4,"47,817",24.3,"8,252",1.1,"39,905",23.1,"16,164",2.4
"41,280",37.3,"45,934",39.7,"-4,655",-2.4,"34,746",35.5,"6,534",1.8,DINNER,"73,887",33.5,"78,016",39.7,"-4,129",-6.2,"57,731",33.4,"16,156",0.1
"70,629",63.8,"74,088",64.0,"-3,459",-0.2,"54,142",55.3,"16,488",8.5,TOTAL Landshark FOOD,"129,985",59.0,"125,833",64.0,"4,152",-5.0,"97,559",56.4,"32,426",2.6
"27,448",24.8,"28,732",24.8,"-1,284",0.0,"29,447",30.1,"-1,999",-5.3,LIQUOR,"60,432",27.4,"48,799",24.8,"11,632",2.6,"50,360",29.1,"10,072",-1.7
"9,289",8.4,"9,840",8.5,-551,-0.1,"12,476",12.7,"-3,187",-4.3,BEER,"25,202",11.4,"16,712",8.5,"8,490",2.9,"21,190",12.3,"4,013",-0.8
"1,118",1.0,787,0.7,331,0.3,"1,413",1.4,-295,-0.4,WINE,"2,629",1.2,"1,337",0.7,"1,291",0.5,"2,293",1.3,336,-0.1
"37,856",34.2,"39,359",34.0,"-1,504",0.2,"43,336",44.2,"-5,480",-10.0,TOTAL Landshark BEVERAGE,"88,262",40.0,"66,848",34.0,"21,414",6.0,"73,843",42.7,"14,420",-2.7
0,0.0,0,0.0,0,0.0,0,0.0,0,0.0,ALLOWANCES,-749,-0.3,0,0.0,-749,-0.3,-52,0.0,-696,-0.3
"2,213",2.0,"2,314",2.0,-101,0.0,488,0.5,"1,725",1.5,OTHER,"2,970",1.3,"3,931",2.0,-960,-0.7,"1,605",0.9,"1,366",0.4
"2,213",2.0,"2,314",2.0,-101,0.0,488,0.5,"1,725",1.5,TOTAL Landshark OTHER,"2,222",1.0,"3,931",2.0,"-1,709",-1.0,"1,553",0.9,669,0.1
"110,698",100.0,"115,762",100.0,"-5,064",0.0,"97,965",100.0,"12,733",0.0,TOTAL Landshark REVENUE,"220,469",100.0,"196,612",100.0,"23,857",0.0,"172,955",100.0,"47,515",0.0
"20,129",28.5,"21,115",28.5,-986,0.0,"18,102",33.4,"2,027",-4.9,FOOD,"37,716",29.0,"35,862",28.5,"1,854",0.5,"34,536",35.4,"3,181",-6.4
"4,117",15.0,"4,310",15.0,-193,0.0,"6,016",20.4,"-1,899",-5.4,LIQUOR,"9,707",16.1,"7,320",15.0,"2,387",1.1,"9,253",18.4,454,-2.3
"1,672",18.0,"1,771",18.0,-99,0.0,"3,100",24.8,"-1,428",-6.8,BEER,"4,102",16.3,"3,008",18.0,"1,094",-1.7,"4,951",23.4,-849,-7.1
240,21.5,169,21.5,71,0.0,161,11.4,80,10.1,WINE,446,17.0,287,21.5,159,-4.5,344,15.0,102,2.0
"1,107",1.0,"1,157",1.0,-51,0.0,"-1,477",-1.5,"2,584",2.5,OTHER,"8,827",4.0,"1,965",1.0,"6,861",3.0,-816,-0.5,"9,643",4.5
"27,266",24.6,"28,523",24.6,"-1,257",0.0,"25,901",26.4,"1,365",-1.8,TOTAL VENUE 2 COST OF SALES,"60,798",27.6,"48,443",24.6,"12,355",2.9,"48,268",27.9,"12,530",-0.3
"83,432",75.4,"87,239",75.4,"-3,807",0.0,"72,064",73.6,"11,368",1.8,TOTAL VENUE 2 GROSS PROFIT,"159,671",72.4,"148,169",75.4,"11,502",-2.9,"124,687",72.1,"34,984",0.3
"4,964",4.5,"4,964",4.3,0,0.2,"5,705",5.8,-741,-1.3,MANAGER,"6,993",3.2,"9,416",4.8,"-2,423",-1.6,"8,829",5.1,"-1,836",-1.9
"6,610",6.0,"6,610",5.7,0,0.3,"2,452",2.5,"4,158",3.5,ASSISTANT MANAGER,"11,877",5.4,"12,506",6.4,-629,-1.0,"3,098",1.8,"8,778",3.6
"11,574",10.5,"11,574",10.0,0,0.5,"8,157",8.3,"3,418",2.1,TOTAL VENUE 2 SERVICE MANAGEMENT,"18,870",8.6,"21,922",11.1,"-3,052",-2.6,"11,927",6.9,"6,943",1.7
"11,574",10.5,"11,574",10.0,0,0.5,"8,157",8.3,"3,418",2.1,TOTAL VENUE 2 MANAGEMENT,"18,870",8.6,"21,922",11.1,"-3,052",-2.6,"11,927",6.9,"6,943",1.7
"3,572",3.2,"3,572",3.1,0,0.1,"2,057",2.1,"1,515",1.1,SOUS CHEF,"3,572",1.6,"6,775",3.4,"-3,203",-1.8,"2,611",1.5,961,0.1
"10,948",9.9,"11,484",9.9,-536,0.0,"6,604",6.7,"4,343",3.1,COOKS,"26,553",12.0,"19,504",9.9,"7,049",2.1,"18,303",10.6,"8,251",1.5
"4,801",4.3,"5,037",4.4,-235,0.0,0,0.0,"4,801",4.3,STEWARDS,"11,839",5.4,"9,386",4.8,"2,453",0.6,0,0.0,"11,839",5.4
"4,760",4.3,"4,760",4.1,0,0.2,"1,859",1.9,"2,901",2.4,KITCHEN SUPERVISOR,"6,840",3.1,"10,026",5.1,"-3,185",-2.0,"2,247",1.3,"4,594",1.8
"24,081",21.8,"24,852",21.5,-771,0.3,"10,520",10.7,"13,561",11.0,TOTAL VENUE 2 KITCHEN NON-MANAGEMENT,"48,805",22.1,"45,690",23.2,"3,114",-1.1,"23,160",13.4,"25,645",8.7
"3,321",3.0,"3,473",3.0,-152,0.0,"2,662",2.7,659,0.3,SERVERS,"8,442",3.8,"6,626",3.4,"1,816",0.5,"5,560",3.2,"2,882",0.6
"2,823",2.5,"2,952",2.6,-129,0.0,"3,078",3.1,-255,-0.6,BUSSERS,"6,010",2.7,"5,632",2.9,378,-0.1,"6,264",3.6,-253,-0.9
"2,823",2.5,"2,952",2.6,-129,0.0,0,0.0,"2,823",2.5,RUNNERS,"2,823",1.3,"5,632",2.9,"-2,809",-1.6,0,0.0,"2,823",1.3
"4,018",3.6,"4,202",3.6,-184,0.0,"3,143",3.2,875,0.4,BARTENDERS,"8,176",3.7,"8,004",4.1,171,-0.4,"5,595",3.2,"2,580",0.5
"2,823",2.5,"2,952",2.6,-129,0.0,0,0.0,"2,823",2.5,BARBACKS,"3,162",1.4,"5,014",2.5,"-1,852",-1.1,531,0.3,"2,631",1.1
"5,845",5.3,"6,112",5.3,-267,0.0,"2,547",2.6,"3,298",2.7,HOSTS,"9,568",4.3,"11,642",5.9,"-2,074",-1.6,"5,354",3.1,"4,214",1.2
"4,932",4.5,"5,157",4.5,-226,0.0,"1,898",1.9,"3,034",2.5,SUPERVISOR,"6,718",3.0,"9,826",5.0,"-3,109",-2.0,"4,080",2.4,"2,638",0.7
"26,584",24.0,"27,800",24.0,"-1,216",0.0,"13,328",13.6,"13,256",10.4,TOTAL VENUE 2 VENUE NON-MANAGEMENT,"44,899",20.4,"52,377",26.6,"-7,478",-6.3,"27,383",15.8,"17,515",4.5
"50,665",0.0,"52,652",0.0,"-1,987",0.0,"23,848",0.0,"26,817",0.0,TOTAL VENUE 2 NON-MANAGEMENT,"93,703",0.0,"98,067",0.0,"-4,364",0.0,"50,544",0.0,"43,160",0.0
"62,239",56.2,"64,227",55.5,"-1,987",0.7,"32,005",32.7,"30,235",23.6,SUBTOTAL: VENUE 2 VENUE SALARIES & WAGES,"112,573",51.1,"119,989",61.0,"-7,416",-10.0,"62,471",36.1,"50,102",14.9
"4,026",3.6,"4,223",3.6,-197,0.0,0,0.0,"4,026",3.6,CONTRACTED/LEASED & OUTSOURCED LABOR,"7,414",3.4,"7,172",3.6,241,-0.3,"5,765",3.3,"1,649",0.0
"4,026",3.6,"4,223",3.6,-197,0.0,0,0.0,"4,026",3.6,TOTAL VENUE 2 CONTRACT LABOR,"7,414",3.4,"7,172",3.6,241,-0.3,"5,765",3.3,"1,649",0.0
"66,265",59.9,"68,450",59.1,"-2,185",0.7,"32,005",32.7,"34,260",27.2,"TOTAL VENUE 2 SALARIES, WAGES, SC, CONTRACT & BONUS","119,986",54.4,"127,161",64.7,"-7,175",-10.3,"68,235",39.5,"51,751",15.0
"4,970",4.5,"5,134",4.4,-164,0.1,"3,487",3.6,"1,483",0.9,PAYROLL TAXES,"10,052",4.6,"9,537",4.9,515,-0.3,"6,974",4.0,"3,078",0.5
"4,970",4.5,"5,134",4.4,-164,0.1,"3,487",3.6,"1,483",0.9,TOTAL VENUE 2 TAXES,"10,052",4.6,"9,537",4.9,515,-0.3,"6,974",4.0,"3,078",0.5
0,0.0,0,0.0,0,0.0,0,0.0,0,0.0,SUPPLEMENTAL PAY,"2,950",1.3,"2,400",1.2,550,0.1,"1,605",0.9,"1,346",0.4
"1,272",1.1,"1,314",1.1,-42,0.0,"1,183",1.2,89,-0.1,PTO PAY,"3,229",1.5,"2,441",1.2,787,0.2,"2,648",1.5,581,-0.1
"1,272",1.1,"1,314",1.1,-42,0.0,"1,183",1.2,89,-0.1,TOTAL VENUE 2 SUPPLEMENTAL PAY,"6,179",2.8,"4,841",2.5,"1,338",0.3,"4,252",2.5,"1,927",0.3
"1,425",1.3,"1,472",1.3,-47,0.0,"1,675",1.7,-250,-0.4,WORKERS COMP,"3,617",1.6,"2,734",1.4,883,0.2,"3,350",1.9,267,-0.3
"4,924",4.4,"5,086",4.4,-162,0.1,"5,663",5.8,-739,-1.3,HEALTH INSURANCE,"2,848",1.3,"9,413",4.8,"-6,565",-3.5,"9,739",5.6,"-6,891",-4.3
199,0.2,205,0.2,-7,0.0,200,0.2,-1,0.0,401K,364,0.2,381,0.2,-17,0.0,361,0.2,3,0.0
"1,338",1.2,"1,390",1.2,-52,0.0,295,0.3,"1,042",0.9,EMPLOYEE MEALS,"2,637",1.2,"2,589",1.3,48,-0.1,782,0.5,"1,855",0.7
30,0.0,30,0.0,0,0.0,28,0.0,2,0.0,EMPLOYEE BENEFITS,122,0.1,60,0.0,62,0.0,49,0.0,73,0.0
"7,915",7.1,"8,183",7.1,-268,0.1,"7,860",8.0,54,-0.9,TOTAL VENUE 2 BENEFITS,"9,588",4.3,"15,178",7.7,"-5,590",-3.4,"14,280",8.3,"-4,693",-3.9
"14,157",12.8,"14,631",12.6,-474,0.2,"12,531",12.8,"1,626",0.0,TOTAL VENUE 2 PAYROLL RELATED,"25,819",11.7,"29,556",15.0,"-3,737",-3.3,"25,507",14.7,312,-3.0
"80,422",72.7,"83,081",71.8,"-2,658",0.9,"44,536",45.5,"35,887",27.2,TOTAL VENUE 2 LABOR & RELATED,"145,806",66.1,"156,717",79.7,"-10,912",-13.6,"93,742",54.2,"52,063",11.9
0,0.0,0,0.0,0,0.0,0,0.0,0,0.0,DUES & SUBSCRIPTIONS,265,0.1,0,0.0,265,0.1,0,0.0,265,0.1
"3,500",3.2,"3,500",3.0,0,0.1,"6,100",6.2,"-2,600",-3.1,MUSIC/ENTERTAINMENT,"9,625",4.4,"7,000",3.6,"2,625",0.8,"11,100",6.4,"-1,475",-2.1
"3,500",3.2,"3,500",3.0,0,0.1,"6,100",6.2,"-2,600",-3.1,TOTAL Landshark OTHER EXPENSES,"9,890",4.5,"7,000",3.6,"2,890",0.9,"11,100",6.4,"-1,210",-1.9
"111,188",100.4,"115,103",99.4,"-3,915",1.0,"76,537",78.1,"34,651",22.3,TOTALLandshark EXPENSE,"216,495",98.2,"212,161",107.9,"4,334",-9.7,"153,110",88.5,"63,384",9.7
-490,-0.4,659,0.6,"-1,149",-1.0,"21,428",21.9,"-21,918",-22.3,TOTAL Landshark PROFIT,"3,975",1.8,"-15,548",-7.9,"19,523",9.7,"19,844",11.5,"-15,870",-9.7
"15,554",37.3,"19,721",37.3,"-4,167",0.0,"14,281",40.5,"1,274",-3.2,BREAKFAST,"28,221",40.2,"27,261",37.3,960,2.9,"22,690",43.0,"5,532",-2.8
"13,443",32.2,"17,045",32.2,"-3,602",0.0,"12,677",36.0,766,-3.7,LUNCH,"21,212",30.2,"23,562",32.2,"-2,349",-2.0,"18,518",35.1,"2,695",-4.9
"7,974",19.1,"10,111",19.1,"-2,137",0.0,"3,891",11.0,"4,083",8.1,DINNER,"12,500",17.8,"13,977",19.1,"-1,477",-1.3,"5,292",10.0,"7,208",7.8
"36,972",88.6,"46,877",88.6,"-9,906",0.0,"30,849",87.5,"6,123",1.1,TOTALJoe Merchant  FOOD,"61,934",88.3,"64,800",88.6,"-2,866",-0.3,"46,499",88.2,"15,435",0.1
"1,392",3.3,"1,765",3.3,-373,0.0,"1,277",3.6,115,-0.3,BEER,"2,405",3.4,"2,440",3.3,-35,0.1,"1,878",3.6,527,-0.1
945,2.3,"1,198",2.3,-253,0.0,"1,169",3.3,-224,-1.1,WINE,"1,760",2.5,"1,656",2.3,104,0.2,"1,534",2.9,226,-0.4
"2,337",5.6,"2,963",5.6,-626,0.0,"2,446",6.9,-109,-1.3,TOTAL Joe Merchant  BEVERAGE,"4,165",5.9,"4,096",5.6,69,0.3,"3,412",6.5,753,-0.5
0,0.0,0,0.0,0,0.0,0,0.0,0,0.0,ALLOWANCES,-39,-0.1,0,0.0,-39,-0.1,-18,0.0,-21,0.0
"2,422",5.8,"3,070",5.8,-649,0.0,"1,936",5.5,486,0.3,OTHER,"4,112",5.9,"4,244",5.8,-133,0.1,"2,810",5.3,"1,302",0.5
0,0.0,0,0.0,0,0.0,28,0.1,-28,-0.1,DISCOUNTS,0,0.0,0,0.0,0,0.0,28,0.1,-28,-0.1
"2,422",5.8,"3,070",5.8,-649,0.0,"1,963",5.6,458,0.2,TOTAL Joe Merchant OTHER,"4,073",5.8,"4,244",5.8,-172,0.0,"2,820",5.3,"1,253",0.5
"41,730",100.0,"52,911",100.0,"-11,181",0.0,"35,258",100.0,"6,472",0.0,TOTAL Joe Merchant REVENUE,"70,172",100.0,"73,141",100.0,"-2,969",0.0,"52,731",100.0,"17,441",0.0
"11,092",30.0,"14,063",30.0,"-2,972",0.0,0,0.0,"11,092",30.0,FOOD,"11,092",17.9,"19,440",30.0,"-8,349",-12.1,0,0.0,"11,092",17.9
348,25.0,441,25.0,-93,0.0,0,0.0,348,25.0,BEER,348,14.5,610,25.0,-262,-10.5,0,0.0,348,14.5
"1,090",2.6,"1,382",2.6,-292,0.0,0,0.0,"1,090",2.6,OTHER,"1,090",1.6,"1,910",2.6,-820,-1.1,0,0.0,"1,090",1.6
"12,529",30.0,"15,886",30.0,"-3,357",0.0,0,0.0,"12,529",30.0,TOTAL VENUE 3 COST OF SALES,"12,529",17.9,"21,960",30.0,"-9,431",-12.2,0,0.0,"12,529",17.9
"29,201",70.0,"37,025",70.0,"-7,824",0.0,"35,258",100.0,"-6,057",-30.0,TOTAL VENUE 3 GROSS PROFIT,"57,643",82.1,"51,180",70.0,"6,462",12.2,"52,731",100.0,"4,911",-17.9
0,0.0,0,0.0,0,0.0,0,0.0,0,0.0,MANAGER,"2,629",3.7,0,0.0,"2,629",3.7,0,0.0,"2,629",3.7
0,0.0,0,0.0,0,0.0,0,0.0,0,0.0,TOTAL VENUE 3 SERVICE MANAGEMENT,"2,629",3.7,0,0.0,"2,629",3.7,0,0.0,"2,629",3.7
0,0.0,0,0.0,0,0.0,0,0.0,0,0.0,TOTAL VENUE 3 MANAGEMENT,"2,629",3.7,0,0.0,"2,629",3.7,0,0.0,"2,629",3.7
"8,596",20.6,"10,899",20.6,"-2,303",0.0,"4,592",13.0,"4,004",7.6,COOKS,"14,032",20.0,"15,066",20.6,"-1,034",-0.6,"7,547",14.3,"6,485",5.7
0,0.0,0,0.0,0,0.0,0,0.0,0,0.0,STEWARDS,"-1,415",-2.0,0,0.0,"-1,415",-2.0,0,0.0,"-1,415",-2.0
"8,596",20.6,"10,899",20.6,"-2,303",0.0,"4,592",13.0,"4,004",7.6,TOTAL VENUE 3 KITCHEN NON-MANAGEMENT,"12,617",18.0,"15,066",20.6,"-2,449",-2.6,"7,547",14.3,"5,070",3.7
"7,857",18.8,"9,961",18.8,"-2,105",0.0,"7,798",22.1,59,-3.3,CASHIERS,"20,762",29.6,"13,770",18.8,"6,992",10.8,"12,351",23.4,"8,412",6.2
"2,432",5.8,"2,432",4.6,0,1.2,"1,136",3.2,"1,296",2.6,SUPERVISOR,"5,198",7.4,"5,122",7.0,76,0.4,"2,023",3.8,"3,175",3.6
"10,289",24.7,"12,393",23.4,"-2,105",1.2,"8,934",25.3,"1,355",-0.7,TOTAL VENUE 3 SERVICE NON-MANAGEMENT,"25,961",37.0,"18,892",25.8,"7,068",11.2,"14,374",27.3,"11,587",9.7
"18,884",45.3,"23,292",44.0,"-4,408",1.2,"13,526",38.4,"5,359",6.9,TOTAL VENUE 3 NON-MANAGEMENT,"38,577",55.0,"33,959",46.4,"4,619",8.5,"21,921",41.6,"16,657",13.4
"18,884",45.3,"23,292",44.0,"-4,408",1.2,"13,526",38.4,"5,359",6.9,SUBTOTAL: VENUE 3 SALARIES & WAGES,"41,206",58.7,"33,959",46.4,"7,247",12.3,"21,921",41.6,"19,285",17.2
"1,586",3.8,"2,011",3.8,-425,0.0,0,0.0,"1,586",3.8,CONTRACTED/LEASED & OUTSOURCED LABOR,"2,424",3.5,"2,780",3.8,-356,-0.3,0,0.0,"2,424",3.5
"1,586",3.8,"2,011",3.8,-425,0.0,0,0.0,"1,586",3.8,TOTAL VENUE 3 CONTRACT LABOR,"2,424",3.5,"2,780",3.8,-356,-0.3,0,0.0,"2,424",3.5
"20,471",49.1,"25,304",47.8,"-4,833",1.2,"13,526",38.4,"6,945",10.7,"TOTAL VENUE 3 SALARIES, WAGES, SC, CONTRACT & BONUS","43,630",62.2,"36,738",50.2,"6,891",11.9,"21,921",41.6,"21,709",20.6
"1,535",3.7,"1,898",3.6,-362,0.1,548,1.6,988,2.1,PAYROLL TAXES,"2,831",4.0,"2,755",3.8,76,0.3,"1,255",2.4,"1,576",1.7
"1,535",3.7,"1,898",3.6,-362,0.1,548,1.6,988,2.1,TOTAL VENUE 3 TAXES,"2,831",4.0,"2,755",3.8,76,0.3,"1,255",2.4,"1,576",1.7
63,0.0,78,0.0,-15,0.0,0,0.0,63,0.0,SUPPLEMENTAL PAY,"1,370",0.0,449,0.0,922,0.0,216,0.0,"1,154",0.0
278,0.7,344,0.7,-66,0.0,573,1.6,-295,-1.0,PTO PAY,"1,252",1.8,500,0.7,752,1.1,642,1.2,610,0.6
342,0.8,423,0.8,-81,0.0,573,1.6,-232,-0.8,TOTAL VENUE 3 SUPPLEMENTAL PAY,"2,622",3.7,949,1.3,"1,674",2.4,858,1.6,"1,765",2.1
244,0.6,301,0.6,-58,0.0,426,1.2,-182,-0.6,WORKERS COMP,753,1.1,437,0.6,315,0.5,852,1.6,-99,-0.5
500,1.2,500,0.9,0,0.3,862,2.4,-362,-1.2,HEALTH INSURANCE,-176,-0.3,"1,000",1.4,"-1,176",-1.6,"1,613",3.1,"-1,789",-3.3
354,0.8,439,0.8,-85,0.0,145,0.4,209,0.4,EMPLOYEE MEALS,785,1.1,634,0.9,151,0.3,"1,448",2.7,-663,-1.6
4,0.0,4,0.0,0,0.0,4,0.0,0,0.0,EMPLOYEE BENEFITS,20,0.0,9,0.0,12,0.0,9,0.0,12,0.0
"1,102",2.6,"1,244",2.4,-142,0.3,"1,437",4.1,-335,-1.4,TOTAL VENUE 3 BENEFITS,"1,381",2.0,"2,080",2.8,-699,-0.9,"3,921",7.4,"-2,540",-5.5
"2,979",7.1,"3,564",6.7,-585,0.4,"2,558",7.3,421,-0.1,TOTAL VENUE 3 PAYROLL RELATED,"6,835",9.7,"5,784",7.9,"1,051",1.8,"6,034",11.4,801,-1.7
"23,450",56.2,"28,868",54.6,"-5,418",1.6,"16,084",45.6,"7,366",10.6,TOTAL VENUE 3 LABOR & RELATED,"50,464",71.9,"42,522",58.1,"7,942",13.8,"27,955",53.0,"22,509",18.9
"35,979",86.2,"44,754",84.6,"-8,775",1.6,"16,084",45.6,"19,895",40.6,TOTAL Joe Merchant  EXPENSE,"62,994",89.8,"64,482",88.2,"-1,489",1.6,"27,955",53.0,"35,039",36.8
"5,751",13.8,"8,157",15.4,"-2,405",-1.6,"19,174",54.4,"-13,422",-40.6,TOTAL Joe Merchant  PROFIT,"7,178",10.2,"8,658",11.8,"-1,480",-1.6,"24,776",47.0,"-17,598",-36.8
"3,654",0.0,"3,654",0.0,0,0.0,0,0.0,"3,654",0.0,MANAGER,"3,654",0.0,"6,930",0.0,"-3,276",0.0,,,,
"3,654",0.0,"3,654",0.0,0,0.0,0,0.0,"3,654",0.0,TOTAL VENUE 4 SERVICE MANAGEMENT,"3,654",0.0,"6,930",0.0,"-3,276",0.0,,,,
"3,654",0.0,"3,654",0.0,0,0.0,0,0.0,"3,654",0.0,TOTAL VENUE 4 MANAGEMENT,"3,654",0.0,"6,930",0.0,"-3,276",0.0,,,,
0,0.0,0,0.0,0,0.0,"1,845",0.0,"-1,845",0.0,SERVERS,0,0.0,0,0.0,0,0.0,,,,
0,0.0,0,0.0,0,0.0,930,0.0,-930,0.0,BUSSERS,0,0.0,0,0.0,0,0.0,,,,
0,0.0,0,0.0,0,0.0,925,0.0,-925,0.0,BARTENDERS,0,0.0,0,0.0,0,0.0,,,,
0,0.0,0,0.0,0,0.0,0,0.0,0,0.0,BARBACKS,0,0.0,0,0.0,0,0.0,,,,
0,0.0,0,0.0,0,0.0,"3,700",0.0,"-3,700",0.0,TOTAL VENUE 4 VENUE NON-MANAGEMENT,0,0.0,0,0.0,0,0.0,,,,
0,0.0,0,0.0,0,0.0,"3,700",0.0,"-3,700",0.0,TOTAL VENUE 4 NON-MANAGEMENT,0,0.0,0,0.0,0,0.0,,,,
"3,654",0.0,"3,654",0.0,0,0.0,"3,700",0.0,-46,0.0,SUBTOTAL: VENUE 4 SALARIES & WAGES,"3,654",0.0,"6,931",0.0,"-3,276",0.0,,,,
"3,654",0.0,"3,654",0.0,0,0.0,"3,700",0.0,-46,0.0,"TOTAL VENUE 4 SALARIES, WAGES, SC, CONTRACT & BONUS","3,654",0.0,"6,931",0.0,"-3,276",0.0,,,,
274,0.0,274,0.0,0,0.0,99,0.0,175,0.0,PAYROLL TAXES,274,0.0,520,0.0,-246,0.0,,,,
274,0.0,274,0.0,0,0.0,99,0.0,175,0.0,TOTAL VENUE 4 TAXES,274,0.0,520,0.0,-246,0.0,,,,
0,0.0,0,0.0,0,0.0,0,0.0,0,0.0,SUPPLEMENTAL PAY,-571,0.0,960,0.0,"-1,531",0.0,,,,
536,0.0,536,0.0,0,0.0,536,0.0,0,0.0,PTO PAY,"1,112",0.0,956,0.0,156,0.0,,,,
536,0.0,536,0.0,0,0.0,536,0.0,0,0.0,TOTAL VENUE 4 SUPPLEMENTAL PAY,541,0.0,"1,916",0.0,"-1,375",0.0,,,,
438,0.0,438,0.0,0,0.0,438,0.0,0,0.0,WORKERS COMP,438,0.0,877,0.0,-438,0.0,,,,
202,0.0,202,0.0,0,0.0,202,0.0,0,0.0,HEALTH INSURANCE,174,0.0,491,0.0,-316,0.0,,,,
90,0.0,90,0.0,0,0.0,90,0.0,0,0.0,EMPLOYEE MEALS,194,0.0,97,0.0,96,0.0,,,,
1,0.0,1,0.0,0,0.0,1,0.0,0,0.0,EMPLOYEE BENEFITS,1,0.0,2,0.0,-1,0.0,,,,
730,0.0,730,0.0,0,0.0,730,0.0,0,0.0,TOTAL VENUE 4 TAXES,807,0.0,"1,467",0.0,-660,0.0,,,,
"1,540",0.0,"1,540",0.0,0,0.0,"1,365",0.0,175,0.0,TOTAL VENUE 4 PAYROLL RELATED,"1,622",0.0,"3,902",0.0,"-2,280",0.0,,,,
"5,194",0.0,"5,194",0.0,0,0.0,"5,065",0.0,129,0.0,TOTAL VENUE 4 LABOR & RELATED,"5,276",0.0,"10,833",0.0,"-5,557",0.0,,,,
"5,194",0.0,"5,194",0.0,0,0.0,"5,065",0.0,129,0.0,TOTAL Lone Palm EXPENSE,"5,276",0.0,"10,833",0.0,"-5,557",0.0,,,,
"-5,194",0.0,"-5,194",0.0,0,0.0,"-5,065",0.0,-129,0.0,TOTAL Lone Palm PROFIT,"-5,276",0.0,"-10,833",0.0,"5,557",0.0,,,,
400,6.6,507,6.6,-107,0.0,252,3.5,148,3.1,BREAKFAST,932,5.3,"1,351",9.8,-419,-4.4,665,5.2,267,0.1
"1,062",17.6,"1,347",17.6,-285,0.0,"1,604",22.5,-542,-5.0,LUNCH,"3,455",19.7,"2,538",18.3,917,1.4,"3,124",24.6,331,-4.9
0,0.0,0,0.0,0,0.0,-24,-0.3,24,0.3,DINNER,0,0.0,0,0.0,0,0.0,-24,-0.2,24,0.2
"1,463",24.2,"1,854",24.2,-392,0.0,"1,832",25.7,-370,-1.6,TOTAL Playin a Round Café  FOOD,"4,387",25.1,"3,888",28.1,499,-3.0,"3,765",29.7,621,-4.6
"1,375",22.7,"1,744",22.7,-368,0.0,"1,351",19.0,25,3.8,LIQUOR,"3,886",22.2,"2,944",21.3,942,0.9,"2,412",19.0,"1,475",3.2
"2,751",45.5,"3,487",45.5,-737,0.0,"3,725",52.3,-974,-6.9,BEER,"8,401",48.0,"5,889",42.5,"2,511",5.5,"6,145",48.4,"2,256",-0.4
458,7.6,581,7.6,-123,0.0,15,0.2,443,7.4,WINE,506,2.9,981,7.1,-475,-4.2,30,0.2,476,2.7
"4,584",75.8,"5,812",75.8,"-1,228",0.0,"5,090",71.5,-506,4.3,TOTAL Playin a Round Café  BEVERAGE,"12,794",73.1,"9,815",70.9,"2,978",2.2,"8,586",67.7,"4,207",5.4
0,0.0,0,0.0,0,0.0,193,2.7,-193,-2.7,OTHER,322,1.8,142,1.0,180,0.8,335,2.6,-13,-0.8
0,0.0,0,0.0,0,0.0,193,2.7,-193,-2.7,TOTAL Playin a Round Cafe OTHER,322,1.8,142,1.0,180,0.8,335,2.6,-13,-0.8
"6,047",100.0,"7,667",100.0,"-1,620",0.0,"7,115",100.0,"-1,069",0.0,TOTAL Playin a Round Café REVENUE,"17,502",100.0,"13,845",100.0,"3,657",0.0,"12,687",100.0,"4,816",0.0
439,30.0,556,30.0,-118,0.0,0,0.0,439,30.0,FOOD,439,10.0,"1,166",30.0,-728,-20.0,0,0.0,439,10.0
241,17.5,305,17.5,-64,0.0,0,0.0,241,17.5,LIQUOR,241,6.2,515,17.5,-275,-11.3,0,0.0,241,6.2
523,19.0,663,19.0,-140,0.0,0,0.0,523,19.0,BEER,523,6.2,"1,119",19.0,-596,-12.8,0,0.0,523,6.2
115,25.0,145,25.0,-31,0.0,0,0.0,115,25.0,WINE,115,22.6,245,25.0,-131,-2.4,0,0.0,115,22.6
"1,317",21.8,"1,669",21.8,-353,0.0,0,0.0,"1,317",21.8,TOTAL VENUE 6 COST OF SALES,"1,317",7.5,"3,046",22.0,"-1,729",-14.5,0,0.0,"1,317",7.5
"4,730",78.2,"5,997",78.2,"-1,267",0.0,"7,115",100.0,"-2,385",-21.8,TOTAL VENUE 6 GROSS PROFIT,"16,186",92.5,"10,799",78.0,"5,386",14.5,"12,687",100.0,"3,499",-7.5
454,7.5,575,7.5,-122,0.0,"1,363",19.2,-910,-11.7,COOKS,575,3.3,"1,028",7.4,-453,-4.1,"2,748",21.7,"-2,173",-18.4
454,7.5,575,7.5,-122,0.0,"1,363",19.2,-910,-11.7,TOTAL VENUE 6 KITCHEN NON-MANAGEMEN,575,3.3,"1,028",7.4,-453,-4.1,"2,748",21.7,"-2,173",-18.4
784,13.0,994,13.0,-210,0.0,"1,322",18.6,-539,-5.6,BARTENDERS,"2,898",16.6,"1,678",12.1,"1,219",4.4,"2,673",21.1,224,-4.5
784,13.0,994,13.0,-210,0.0,"1,322",18.6,-539,-5.6,TOTAL VENUE 6 VENUE NON-MANAGEMENT,"2,898",16.6,"1,678",12.1,"1,219",4.4,"2,673",21.1,224,-4.5
"1,237",20.5,"1,569",20.5,-332,0.0,"2,686",37.7,"-1,448",-17.3,TOTAL VENUE 6 NON-MANAGEMENT,"3,473",19.8,"2,706",19.5,767,0.3,"5,422",42.7,"-1,949",-22.9
"1,237",20.5,"1,569",20.5,-332,0.0,"2,686",37.7,"-1,448",-17.3,SUBTOTAL: VENUE 6 SALARIES & WAGES,"3,473",19.8,"2,706",19.5,767,0.3,"5,422",42.7,"-1,949",-22.9
"1,237",20.5,"1,569",20.5,-332,0.0,"2,686",37.7,"-1,448",-17.3,"TOTAL VENUE 6   SALARIES, WAGES, SC, CONTRACT & BONUS","3,473",19.8,"2,706",19.5,767,0.3,"5,422",42.7,"-1,949",-22.9
93,1.5,118,1.5,-25,0.0,168,2.4,-75,-0.8,PAYROLL TAXES,316,1.8,203,1.5,113,0.3,332,2.6,-15,-0.8
93,1.5,118,1.5,-25,0.0,168,2.4,-75,-0.8,TOTAL VENUE 6 TAXES,316,1.8,203,1.5,113,0.3,332,2.6,-15,-0.8
31,0.5,39,0.5,-8,0.0,206,2.9,-176,-2.4,WORKERS COMP,118,0.7,67,0.5,51,0.2,412,3.2,-295,-2.6
125,2.1,125,1.6,0,0.4,28,0.4,97,1.7,HEALTH INSURANCE,116,0.7,250,1.8,-134,-1.1,109,0.9,7,-0.2
0,0.0,0,0.0,0,0.0,0,0.0,0,0.0,401K,5,0.0,0,0.0,5,0.0,0,0.0,5,0.0
29,0.5,37,0.5,-8,0.0,72,1.0,-43,-0.5,EMPLOYEE MEALS,150,0.9,64,0.5,86,0.4,81,0.6,68,0.2
0,0.0,0,0.0,0,0.0,0,0.0,0,0.0,EMPLOYEE BENEFITS,1,0.0,0,0.0,1,0.0,0,0.0,1,0.0
185,3.1,201,2.6,-16,0.4,306,4.3,-121,-1.2,TOTAL VENUE 6 BENEFITS,389,2.2,381,2.7,8,-0.5,602,4.7,-214,-2.5
278,4.6,319,4.2,-41,0.4,474,6.7,-197,-2.1,TOTAL VENUE 6 PAYROLL RELATED,705,4.0,584,4.2,121,-0.2,934,7.4,-229,-3.3
"1,515",25.1,"1,888",24.6,-372,0.4,"3,160",44.4,"-1,645",-19.4,TOTAL VENUE 6 LABOR & RELATED,"4,178",23.9,"3,290",23.8,888,0.1,"6,356",50.1,"-2,178",-26.2
"2,832",46.8,"3,557",46.4,-725,0.4,"3,160",44.4,-328,2.4,TOTAL Playin a Round Café  EXPENSE,"5,494",31.4,"6,336",45.8,-842,-14.4,"6,356",50.1,-861,-18.7
"3,215",53.2,"4,110",53.6,-895,-0.4,"3,955",55.6,-740,-2.4,TOTAL Playin a Round Café  PROFIT,"12,008",68.6,"7,509",54.2,"4,498",14.4,"6,331",49.9,"5,677",18.7
0,0.0,0,0.0,0,0.0,147,0.2,-147,-0.2,LUNCH,"3,038",3.2,0,0.0,"3,038",3.2,160,0.2,"2,878",3.0
"10,135",18.9,"12,851",20.2,"-2,715",-1.3,"23,892",34.0,"-13,757",-15.1,DINNER,"20,608",21.8,"21,392",21.8,-783,0.0,"25,011",26.4,"-4,403",-4.6
"10,135",18.9,"12,851",20.2,"-2,715",-1.3,"24,039",34.2,"-13,904",-15.3,TOTAL BoathouseFOOD,"23,646",25.0,"21,392",21.8,"2,255",3.2,"25,171",26.5,"-1,525",-1.5
"27,440",51.3,"34,825",54.7,"-7,385",-3.5,"30,132",42.9,"-2,693",8.3,LIQUOR,"46,222",48.9,"52,332",53.4,"-6,110",-4.5,"45,428",47.9,794,1.0
"11,608",21.7,"11,608",18.2,0,3.4,"11,079",15.8,529,5.9,BEER,"18,139",19.2,"17,444",17.8,695,1.4,"16,694",17.6,"1,445",1.6
"2,322",4.3,"2,322",3.6,0,0.7,"3,111",4.4,-789,-0.1,WINE,"3,311",3.5,"3,489",3.6,-178,-0.1,"4,481",4.7,"-1,170",-1.2
"41,370",77.3,"48,755",76.6,"-7,385",0.7,"44,322",63.1,"-2,953",14.1,TOTAL Boathouse BEVERAGE,"67,672",71.6,"73,265",74.8,"-5,593",-3.1,"66,603",70.2,"1,069",1.4
0,0.0,0,0.0,0,0.0,0,0.0,0,0.0,ALLOWANCES,-42,0.0,0,0.0,-42,0.0,0,0.0,-42,0.0
"2,024",3.8,"2,024",3.2,0,0.6,"1,840",2.6,184,1.2,OTHER,"3,174",3.4,"3,352",3.4,-178,-0.1,"3,047",3.2,127,0.1
"2,024",3.8,"2,024",3.2,0,0.6,"1,840",2.6,184,1.2,TOTAL Boathouse OTHER,"3,132",3.3,"3,352",3.4,-220,-0.1,"3,047",3.2,85,0.1
"53,529",100.0,"63,630",100.0,"-10,101",0.0,"70,201",100.0,"-16,672",0.0,TOTAL Boathouse REVENUE,"94,450",100.0,"98,009",100.0,"-3,559",0.0,"94,821",100.0,-371,0.0
"3,243",32.0,"4,112",32.0,-869,0.0,0,0.0,"3,243",32.0,FOOD,"3,243",13.7,"6,845",32.0,"-3,602",-18.3,0,0.0,"3,243",13.7
184,1.8,184,1.4,0,0.4,0,0.0,184,1.8,EMPLOYEE MEALS,184,0.8,387,1.8,-203,-1.0,0,0.0,184,0.8
"4,116",15.0,"5,224",15.0,"-1,108",0.0,0,0.0,"4,116",15.0,LIQUOR,"4,116",8.9,"7,850",15.0,"-3,734",-6.1,0,0.0,"4,116",8.9
"2,206",19.0,"2,206",19.0,0,0.0,0,0.0,"2,206",19.0,BEER,"2,206",12.2,"3,314",19.0,"-1,109",-6.8,0,0.0,"2,206",12.2
581,25.0,581,25.0,0,0.0,0,0.0,581,25.0,WINE,581,17.5,872,25.0,-292,-7.5,0,0.0,581,17.5
"10,329",19.3,"12,306",19.3,"-1,977",0.0,0,0.0,"10,329",19.3,TOTAL Boathouse COST OF SALES,"10,329",10.9,"19,268",19.7,"-8,940",-8.7,0,0.0,"10,329",10.9
"43,200",80.7,"51,324",80.7,"-8,124",0.0,"70,201",100.0,"-27,001",-19.3,TOTAL Boathouse GROSS PROFIT,"84,121",89.1,"78,740",80.3,"5,381",8.7,"94,821",100.0,"-10,700",-10.9
"3,507",6.6,"3,507",5.5,0,1.0,"3,923",5.6,-416,1.0,MANAGER,"6,103",6.5,"7,386",7.5,"-1,283",-1.1,"7,286",7.7,"-1,183",-1.2
"3,507",6.6,"3,507",5.5,0,1.0,"3,923",5.6,-416,1.0,TOTAL Boathouse MANAGEMENT,"6,474",6.9,"7,386",7.5,-912,-0.7,"7,286",7.7,-812,-0.8
"1,740",3.3,"1,740",2.7,0,0.5,0,0.0,"1,740",3.3,COOKS,"1,740",1.8,"3,665",3.7,"-1,925",-1.9,0,0.0,"1,740",1.8
"1,740",3.3,"1,740",2.7,0,0.5,0,0.0,"1,740",3.3,TOTAL Boathouse KITCHEN NON-MANAGEMENT,"1,740",1.8,"3,665",3.7,"-1,925",-1.9,0,0.0,"1,740",1.8
734,1.4,734,1.2,0,0.2,0,0.0,734,1.4,SERVERS,734,0.8,"1,547",1.6,-812,-0.8,357,0.4,378,0.4
"1,980",3.7,"1,980",3.1,0,0.6,"1,362",1.9,618,1.8,BARTENDERS,"3,010",3.2,"4,170",4.3,"-1,160",-1.1,"2,814",3.0,196,0.2
"1,000",1.9,"1,000",1.6,0,0.3,843,1.2,156,0.7,BARBACKS,"1,690",1.8,"2,105",2.1,-416,-0.4,"1,506",1.6,184,0.2
0,0.0,0,0.0,0,0.0,"1,765",2.5,"-1,765",-2.5,SUPERVISOR,0,0.0,0,0.0,0,0.0,"3,898",4.1,"-3,898",-4.1
"5,454",10.2,"5,454",8.6,0,1.6,"3,970",5.7,"1,484",4.5,TOTAL Boathouse NON-MANAGEMENT,"7,174",7.6,"11,487",11.7,"-4,313",-4.1,"8,575",9.0,"-1,400",-1.4
"8,961",16.7,"8,961",14.1,0,2.7,"7,894",11.2,"1,067",5.5,SUBTOTAL: Boathouse SALARIES & WAGES,"13,648",14.5,"18,873",19.3,"-5,225",-4.8,"15,860",16.7,"-2,212",-2.3
"8,961",16.7,"8,961",14.1,0,2.7,"7,894",11.2,"1,067",5.5,"TOTAL Boathouse  SALARIES, WAGES, SC, CONTRACT & B","13,648",14.5,"18,873",19.3,"-5,225",-4.8,"15,860",16.7,"-2,212",-2.3
672,1.3,672,1.1,0,0.2,"1,116",1.6,-444,-0.3,PAYROLL TAXES,"1,694",1.8,"1,416",1.4,279,0.3,"2,006",2.1,-312,-0.3
672,1.3,672,1.1,0,0.2,"1,116",1.6,-444,-0.3,TOTAL VENUE 7 TAXES,"1,694",1.8,"1,416",1.4,279,0.3,"2,006",2.1,-312,-0.3
0,0.0,0,0.0,0,0.0,0,0.0,0,0.0,SUPPLEMENTAL PAY,652,0.7,242,0.2,410,0.4,448,0.5,204,0.2
163,0.3,163,0.3,0,0.0,143,0.2,21,0.1,PTO PAY,598,0.6,343,0.4,254,0.3,331,0.3,267,0.3
163,0.3,163,0.3,0,0.0,143,0.2,21,0.1,TOTAL Boathouse SUPPLEMENTAL PAY,"1,250",1.3,585,0.6,665,0.7,779,0.8,472,0.5
206,0.4,206,0.3,0,0.1,434,0.6,-228,-0.2,WORKERS COMP,376,0.4,434,0.4,-59,0.0,868,0.9,-492,-0.5
832,1.6,832,1.3,0,0.2,832,1.2,0,0.4,HEALTH INSURANCE,647,0.7,"1,474",1.5,-826,-0.8,"1,474",1.6,-826,-0.9
0,0.0,0,0.0,0,0.0,0,0.0,0,0.0,401K,0,0.0,0,0.0,0,0.0,0,0.0,0,0.0
184,0.3,184,0.3,0,0.1,0,0.0,184,0.3,EMPLOYEE MEALS,184,0.2,387,0.4,-203,-0.2,2,0.0,181,0.2
2,0.0,2,0.0,0,0.0,2,0.0,0,0.0,EMPLOYEE BENEFITS,8,0.0,5,0.0,3,0.0,5,0.0,3,0.0
"1,224",2.3,"1,224",1.9,0,0.4,"1,268",1.8,-44,0.5,TOTAL Boathouse BENEFITS,"1,214",1.3,"2,299",2.3,"-1,085",-1.1,"2,348",2.5,"-1,134",-1.2
"11,020",20.6,"11,020",17.3,0,3.3,"10,420",14.8,600,5.7,TOTAL Boathouse LABOR & RELATED,"17,807",18.9,"23,174",23.6,"-5,367",-4.8,"20,994",22.1,"-3,187",-3.3
427,0.8,427,0.7,0,0.1,427,0.6,0,0.2,DUES & SUBSCRIPTIONS,427,0.5,854,0.9,-427,-0.4,854,0.9,-427,-0.4
"21,776",40.7,"23,752",37.3,"-1,977",3.4,"10,847",15.5,"10,929",25.2,TOTAL Boathouse EXPENSE,"28,563",30.2,"43,296",44.2,"-14,734",-13.9,"21,848",23.0,"6,715",7.2
"31,753",59.3,"39,877",62.7,"-8,124",-3.4,"59,354",84.5,"-27,601",-25.2,TOTAL Boathouse PROFIT,"65,887",69.8,"54,712",55.8,"11,175",13.9,"72,973",77.0,"-7,086",-7.2
"4,012",78.6,"5,086",78.6,"-1,075",0.0,"3,997",67.4,14,11.1,BREAKFAST,"5,056",46.2,"5,086",78.6,-30,-32.3,"3,997",67.4,"1,059",-21.2
0,0.0,0,0.0,0,0.0,199,3.4,-199,-3.4,LUNCH,"3,361",30.7,0,0.0,"3,361",30.7,199,3.4,"3,162",27.4
"4,012",78.6,"5,086",78.6,"-1,075",0.0,"4,197",70.8,-185,7.7,TOTAL Waterside Cove FOOD,"8,417",77.0,"5,086",78.6,"3,331",-1.6,"4,197",70.8,"4,221",6.1
94,1.8,119,1.8,-25,0.0,450,7.6,-356,-5.8,LIQUOR,238,2.2,119,1.8,119,0.3,450,7.6,-212,-5.4
54,1.1,68,1.1,-14,0.0,20,0.3,34,0.7,BEER,54,0.5,68,1.1,-14,-0.6,20,0.3,34,0.2
4,0.1,6,0.1,-1,0.0,0,0.0,4,0.1,WINE,364,3.3,6,0.1,359,3.2,0,0.0,364,3.3
152,3.0,193,3.0,-41,0.0,470,7.9,-317,-4.9,TOTAL Waterside Cove BEVERAGE,656,6.0,193,3.0,463,3.0,470,7.9,187,-1.9
943,18.5,"1,196",18.5,-253,0.0,"1,261",21.3,-318,-2.8,SERVICE CHARGES,"1,865",17.0,"1,196",18.5,669,-1.4,"1,261",21.3,604,-4.2
943,18.5,"1,196",18.5,-253,0.0,"1,261",21.3,-318,-2.8,TOTAL Waterside Cove OTHER,"1,865",17.0,"1,196",18.5,669,-1.4,"1,261",21.3,604,-4.2
"5,107",100.0,"6,475",100.0,"-1,368",0.0,"5,927",100.0,-820,0.0,TOTAL Waterside Cove REVENUE,"10,938",100.0,"6,475",100.0,"4,463",0.0,"5,927",100.0,"5,011",0.0
"1,203",30.0,"1,526",30.0,-322,0.0,0,0.0,"1,203",30.0,FOOD,"1,203",14.3,"1,526",30.0,-322,-15.7,0,0.0,"1,203",14.3
15,16.0,19,16.0,-4,0.0,0,0.0,15,16.0,LIQUOR,15,6.3,19,16.0,-4,-9.7,0,0.0,15,6.3
10,19.0,13,19.0,-3,0.0,0,0.0,10,19.0,BEER,10,19.0,13,19.0,-3,0.0,0,0.0,10,19.0
1,25.0,1,25.0,0,0.0,0,0.0,1,25.0,WINE,1,0.3,1,25.0,0,-24.7,0,0.0,1,0.3
"1,230",24.1,"1,559",24.1,-329,0.0,0,0.0,"1,230",24.1,TOTAL VENUE 8 COST OF SALES,"1,230",11.2,"1,559",24.1,-329,-12.8,0,0.0,"1,230",11.2
"3,877",75.9,"4,916",75.9,"-1,039",0.0,"5,927",100.0,"-2,050",-24.1,TOTAL VENUE 8 GROSS PROFIT,"9,708",88.8,"4,916",75.9,"4,793",12.8,"5,927",100.0,"3,781",-11.2
0,0.0,0,0.0,0,0.0,0,0.0,0,0.0,CASHIERS,0,0.0,34,0.5,-34,-0.5,34,0.6,-34,-0.6
178,3.5,178,2.7,0,0.7,178,3.0,0,0.5,BARTENDERS,295,2.7,541,8.3,-246,-5.7,541,9.1,-246,-6.4
178,3.5,178,2.7,0,0.7,178,3.0,0,0.5,TOTAL VENUE 8 VENUE NON-MANAGEMENT,295,2.7,574,8.9,-279,-6.2,574,9.7,-279,-7.0
178,3.5,178,2.7,0,0.7,178,3.0,0,0.5,TOTAL VENUE 8 NON-MANAGEMENT,295,2.7,574,8.9,-279,-6.2,574,9.7,-279,-7.0
178,3.5,178,2.7,0,0.7,178,3.0,0,0.5,SUBTOTAL: VENUE 8 SALARIES & WAGES,295,2.7,574,8.9,-279,-6.2,574,9.7,-279,-7.0
0,0.0,0,0.0,0,0.0,0,0.0,0,0.0,CONTRACTED/LEASED & OUTSOURCED LABOR,0,0.0,"1,853",28.6,"-1,853",-28.6,"1,853",31.3,"-1,853",-31.3
0,0.0,0,0.0,0,0.0,0,0.0,0,0.0,TOTAL VENUE 8 CONTRACT LABOR,0,0.0,"1,853",28.6,"-1,853",-28.6,"1,853",31.3,"-1,853",-31.3
178,3.5,178,2.7,0,0.7,178,3.0,0,0.5,"TOTAL VENUE 8 SALARIES, WAGES, SC, CONTRACT & BONUS",295,2.7,"2,428",37.5,"-2,133",-34.8,"2,428",41.0,"-2,133",-38.3
13,0.3,13,0.2,0,0.1,220,3.7,-207,-3.5,PAYROLL TAXES,99,0.9,182,2.8,-83,-1.9,521,8.8,-422,-7.9
13,0.3,13,0.2,0,0.1,220,3.7,-207,-3.5,TOTAL VENUE 8 TAXES,99,0.9,182,2.8,-83,-1.9,521,8.8,-422,-7.9
0,0.0,0,0.0,0,0.0,18,0.3,-18,-0.3,WORKERS COMP,0,0.0,3,0.1,-3,-0.1,37,0.6,-36,-0.6
800,15.7,800,12.4,0,3.3,428,7.2,372,8.4,HEALTH INSURANCE,913,8.3,"1,600",24.7,-687,-16.4,"2,008",33.9,"-1,096",-25.5
0,0.0,0,0.0,0,0.0,0,0.0,0,0.0,EMPLOYEE MEALS,2,0.0,0,0.0,2,0.0,0,0.0,2,0.0
0,0.0,0,0.0,0,0.0,1,0.0,-1,0.0,EMPLOYEE BENEFITS,1,0.0,0,0.0,1,0.0,3,0.0,-2,0.0
800,15.7,800,12.4,0,3.3,447,7.5,353,8.1,TOTAL VENUE 8 BENEFITS,916,8.4,"1,603",24.8,-687,-16.4,"2,048",34.5,"-1,132",-26.2
814,15.9,814,12.6,0,3.4,668,11.3,146,4.7,TOTAL VENUE 8 PAYROLL RELATED,"1,015",9.3,"1,785",27.6,-771,-18.3,"2,569",43.3,"-1,554",-34.1
991,19.4,991,15.3,0,4.1,845,14.3,146,5.1,TOTAL VENUE 8 LABOR & RELATED,"1,310",12.0,"4,213",65.1,"-2,903",-53.1,"4,996",84.3,"-3,687",-72.3
"2,221",43.5,"2,550",39.4,-329,4.1,845,14.3,"1,376",29.2,TOTAL VENUE 8 EXPENSE,"2,539",23.2,"5,772",89.1,"-3,233",-65.9,"4,996",84.3,"-2,457",-61.1
"2,886",56.5,"3,925",60.6,"-1,039",-4.1,"5,082",85.7,"-2,196",-29.2,TOTAL VENUE 8 PROFIT,"8,399",76.8,703,10.9,"7,696",65.9,931,15.7,"7,468",61.1
"33,728",6.9,"31,241",6.9,"2,487",0.0,"8,456",3.9,"25,272",3.0,BREAKFAST,"45,668",5.8,"49,169",6.4,"-3,501",-0.5,"25,732",4.1,"19,936",1.7
"52,070",10.6,"48,230",10.6,"3,840",0.0,"10,357",4.8,"41,713",5.9,LUNCH,"75,026",9.6,"75,913",9.8,-887,-0.2,"27,680",4.4,"47,346",5.2
"100,531",20.5,"93,117",20.4,"7,414",0.1,"24,723",11.4,"75,808",9.1,DINNER,"127,876",16.4,"146,550",19.0,"-18,674",-2.6,"89,097",14.2,"38,779",2.2
"23,674",4.8,"21,928",4.8,"1,746",0.0,"8,177",3.8,"15,497",1.1,BREAKS A.M.,"38,815",5.0,"34,499",4.5,"4,315",0.5,"22,001",3.5,"16,814",1.5
"210,003",42.9,"194,515",42.7,"15,488",0.2,"51,713",23.8,"158,290",19.1,TOTAL BANQUETS FOOD,"287,385",36.8,"306,131",39.6,"-18,746",-2.8,"164,510",26.3,"122,875",10.5
"1,304",0.3,"1,208",0.3,96,0.0,"1,546",0.7,-242,-0.4,BREAKFAST - CATERING,"3,445",0.4,"3,156",0.4,289,0.0,"1,546",0.2,"1,899",0.2
"7,200",1.5,"6,669",1.5,531,0.0,"5,412",2.5,"1,788",-1.0,LUNCH - CATERING,"7,568",1.0,"17,436",2.3,"-9,868",-1.3,"7,432",1.2,137,-0.2
"30,676",6.3,"28,413",6.2,"2,262",0.0,"34,495",15.9,"-3,819",-9.6,DINNER - CATERING,"100,648",12.9,"74,285",9.6,"26,363",3.3,"77,954",12.4,"22,694",0.4
0,0.0,263,0.1,-263,-0.1,263,0.1,-263,-0.1,CATERING-COFFEE BREAK,70,0.0,263,0.0,-193,0.0,263,0.0,-193,0.0
0,0.0,0,0.0,0,0.0,0,0.0,0,0.0,BREAKS A.M. - CATERING,0,0.0,473,0.1,-473,-0.1,473,0.1,-473,-0.1
759,0.2,759,0.2,0,0.0,0,0.0,759,0.2,RECEPTIONS - CATERING,759,0.1,"2,369",0.3,"-1,610",-0.2,0,0.0,759,0.1
"39,939",8.1,"37,312",8.2,"2,627",0.0,"41,715",19.2,"-1,777",-11.0,TOTAL CATERING FOOD,"112,491",14.4,"97,981",12.7,"14,509",1.7,"87,668",14.0,"24,823",0.4
"18,452",3.8,"17,092",3.8,"1,361",0.0,"12,889",5.9,"5,563",-2.2,LIQUOR,"31,387",4.0,"26,904",3.5,"4,483",0.5,"16,071",2.6,"15,316",1.5
"7,308",1.5,"6,769",1.5,539,0.0,"6,134",2.8,"1,174",-1.3,BEER,"11,467",1.5,"10,655",1.4,812,0.1,"9,735",1.6,"1,732",-0.1
"4,577",0.9,"4,240",0.9,338,0.0,"2,157",1.0,"2,420",-0.1,WINE,"6,334",0.8,"6,674",0.9,-339,-0.1,"5,390",0.9,944,0.0
"30,337",6.2,"28,100",6.2,"2,237",0.0,"21,180",9.7,"9,157",-3.5,TOTAL BANQUETS BEVERAGE,"49,189",6.3,"44,233",5.7,"4,956",0.6,"31,196",5.0,"17,992",1.3
"10,525",2.1,"10,525",2.3,0,-0.2,"2,050",0.9,"8,475",1.2,LIQUOR - CATERING,"30,159",3.9,"14,826",1.9,"15,333",1.9,"45,162",7.2,"-15,003",-3.3
"2,278",0.5,"2,278",0.5,0,0.0,"2,899",1.3,-621,-0.9,BEER - CATERING,"4,474",0.6,"7,147",0.9,"-2,673",-0.4,"8,060",1.3,"-3,586",-0.7
"1,727",0.4,"1,727",0.4,0,0.0,473,0.2,"1,254",0.1,WINE - CATERING,"6,030",0.8,"6,097",0.8,-67,0.0,"5,885",0.9,144,-0.2
"14,530",3.0,"14,530",3.2,0,-0.2,"5,422",2.5,"9,108",0.5,TOTAL CATERING BEVERAGE,"40,662",5.2,"28,070",3.6,"12,592",1.6,"59,107",9.4,"-18,445",-4.2
"47,913",9.8,"44,380",9.7,"3,534",0.0,"15,254",7.0,"32,659",2.8,MEETING ROOM RENTALS,"51,534",6.6,"68,531",8.9,"-16,997",-2.3,"94,815",15.1,"-43,281",-8.5
"88,384",18.0,"82,282",18.1,"6,102",0.0,"46,039",21.2,"42,345",-3.1,SERVICE CHARGES,"146,388",18.8,"142,849",18.5,"3,538",0.3,"112,262",17.9,"34,126",0.8
"49,011",10.0,"45,396",10.0,"3,615",0.0,"26,448",12.2,"22,563",-2.2,AV RENTAL/TECHNOLOGY,"77,960",10.0,"70,101",9.1,"7,859",0.9,"60,280",9.6,"17,680",0.4
"9,964",2.0,"9,229",2.0,735,0.0,"9,880",4.5,84,-2.5,MISC BANQUET INCOME,"15,074",1.9,"14,251",1.8,822,0.1,"16,595",2.6,"-1,521",-0.7
0,0.0,0,0.0,0,0.0,-149,-0.1,149,0.1,ALLOWANCES,0,0.0,0,0.0,0,0.0,-149,0.0,149,0.0
"195,272",39.8,"181,287",39.8,"13,985",0.1,"97,472",44.8,"97,800",-5.0,TOTAL BANQUETS & CATERING OTHER,"290,955",37.3,"295,733",38.3,"-4,778",-1.0,"283,802",45.3,"7,152",-8.0
"490,081",100.0,"455,744",100.0,"34,337",0.0,"217,503",100.0,"272,578",0.0,TOTAL BANQUETS & CATERING REVENUE,"780,681",100.0,"772,148",100.0,"8,533",0.0,"626,283",100.0,"154,398",0.0
"72,483",29.0,"67,230",29.0,"5,253",0.0,"3,575",3.8,"68,908",25.2,FOOD,"74,279",18.6,"117,193",29.0,"-42,913",-10.4,"6,043",2.4,"68,236",16.2
"4,347",15.0,"4,142",15.0,204,0.0,"2,639",17.7,"1,708",-2.7,LIQUOR,"8,405",13.7,"6,260",15.0,"2,146",-1.3,"3,674",6.0,"4,731",7.7
"1,630",17.0,"1,538",17.0,92,0.0,"1,565",17.3,64,-0.3,BEER,"2,997",18.8,"3,026",17.0,-29,1.8,"1,986",11.2,"1,012",7.6
"1,450",23.0,"1,372",23.0,78,0.0,531,20.2,919,2.8,WINE,"3,119",25.2,"2,937",23.0,182,2.2,"1,860",16.5,"1,259",8.7
"29,779",60.8,"27,583",60.8,"2,196",0.0,"12,607",47.7,"17,172",13.1,AV RENTAL/TECHNOLOGY,"47,747",61.2,"42,593",60.8,"5,154",0.5,"34,042",56.5,"13,706",4.8
0,0.0,0,0.0,0,0.0,0,0.0,0,0.0,OTHER,0,0.0,0,0.0,0,0.0,"-1,151",-6.9,"1,151",6.9
"109,688",22.4,"101,865",22.4,"7,823",0.0,"20,917",9.6,"88,771",12.8,TOTAL BANQUETS & CATERING COST OF SALES,"136,548",17.5,"172,009",22.3,"-35,461",-4.8,"46,454",7.4,"90,094",10.1
"380,392",77.6,"353,879",77.6,"26,514",0.0,"196,586",90.4,"183,807",-12.8,TOTAL BANQUETS & CATERING GROSS PROFIT,"644,133",82.5,"600,139",77.7,"43,994",4.8,"579,829",92.6,"64,303",-10.1
"5,481",1.1,"5,481",1.2,0,-0.1,"4,846",2.2,635,-1.1,MANAGER,"10,785",1.4,"10,396",1.3,389,0.0,"10,538",1.7,247,-0.3
"5,481",1.1,"5,481",1.2,0,-0.1,"4,846",2.2,635,-1.1,TOTAL BANQUETS & CATERING SERVICE MANAGEMENT,"10,785",1.4,"10,396",1.3,389,0.0,"10,538",1.7,247,-0.3
"4,750",1.0,"4,750",1.0,0,-0.1,"3,494",1.6,"1,256",-0.6,SOUS CHEF,"4,750",0.6,"9,009",1.2,"-4,259",-0.6,"6,104",1.0,"-1,354",-0.4
0,0.0,0,0.0,0,0.0,0,0.0,0,0.0,COOKS,438,0.1,0,0.0,438,0.1,0,0.0,438,0.1
"4,750",1.0,"4,750",1.0,0,-0.1,"3,494",1.6,"1,256",-0.6,TOTAL BANQUETS & CATERING KITCHEN NON-MANAGEMENT,"5,188",0.7,"9,009",1.2,"-3,821",-0.5,"6,104",1.0,-917,-0.3
"4,781",1.0,"4,428",1.0,353,0.0,"4,011",1.8,770,-0.9,BANQUET SETUP/BREAKDOWN,"9,900",1.3,"6,838",0.9,"3,062",0.4,"7,538",1.2,"2,362",0.1
"14,800",3.0,"13,709",3.0,"1,092",0.0,"8,218",3.8,"6,582",-0.8,SERVERS,"21,338",2.7,"18,507",2.4,"2,831",0.3,"13,120",2.1,"8,218",0.6
"10,560",2.2,"9,781",2.1,779,0.0,"9,281",4.3,"1,279",-2.1,CAPTAINS,"16,236",2.1,"16,878",2.2,-642,-0.1,"17,688",2.8,"-1,452",-0.7
"2,622",0.5,"2,429",0.5,193,0.0,772,0.4,"1,850",0.2,BARTENDERS,"4,029",0.5,"3,750",0.5,278,0.0,"1,558",0.2,"2,471",0.3
0,0.0,0,0.0,0,0.0,0,0.0,0,0.0,BARBACKS,54,0.0,0,0.0,54,0.0,0,0.0,54,0.0
"2,432",0.5,"2,432",0.5,0,0.0,0,0.0,"2,432",0.5,SUPERVISOR,"2,432",0.3,"5,122",0.7,"-2,690",-0.4,0,0.0,"2,432",0.3
"39,945",8.2,"37,529",8.2,"2,416",-0.1,"25,777",11.9,"14,168",-3.7,TOTAL BANQUETS & CATERING NON-MANAGEMENT,"59,177",7.6,"60,105",7.8,-929,-0.2,"46,008",7.3,"13,169",0.2
"45,426",9.3,"43,010",9.4,"2,416",-0.2,"30,623",14.1,"14,803",-4.8,SUBTOTAL: BANQUETS & CATERING SALARIES & WAGES,"69,962",9.0,"70,501",9.1,-539,-0.2,"56,547",9.0,"13,415",-0.1
"45,023",9.2,"41,915",9.2,"3,108",0.0,"22,818",10.5,"22,205",-1.3,SERVICE CHARGES DISTRIBUTED,"84,465",10.8,"72,768",9.4,"11,697",1.4,"59,100",9.4,"25,365",1.4
"45,023",9.2,"41,915",9.2,"3,108",0.0,"22,818",10.5,"22,205",-1.3,TOTAL BANQUETS & CATERING SERVICE CHARGE,"84,465",10.8,"72,768",9.4,"11,697",1.4,"59,100",9.4,"25,365",1.4
"13,197",2.7,"12,240",2.7,956,0.0,0,0.0,"13,197",2.7,CONTRACTED/LEASED & OUTSOURCED LABOR,"14,755",1.9,"21,337",2.8,"-6,582",-0.9,0,0.0,"14,755",1.9
"13,197",2.7,"12,240",2.7,956,0.0,0,0.0,"13,197",2.7,TOTAL BANQUETS & CATERING CONTRACT LABOR,"14,755",1.9,"21,337",2.8,"-6,582",-0.9,0,0.0,"14,755",1.9
"103,646",21.1,"97,165",21.3,"6,481",-0.2,"53,440",24.6,"50,205",-3.4,"TOTAL BANQUETS & CATERING SALARIES, WAGES, SC, CONTRACT & BONUS","169,181",21.7,"164,606",21.3,"4,576",0.4,"115,647",18.5,"53,535",3.2
"7,773",1.6,"7,287",1.6,486,0.0,"3,141",1.4,"4,632",0.1,PAYROLL TAXES,"11,537",1.5,"12,345",1.6,-809,-0.1,"5,501",0.9,"6,036",0.6
"7,773",1.6,"7,287",1.6,486,0.0,"3,141",1.4,"4,632",0.1,TOTAL BANQUETS & CATERING TAXES,"11,537",1.5,"12,345",1.6,-809,-0.1,"5,501",0.9,"6,036",0.6
52,0.0,49,0.0,3,0.0,384,0.0,-332,0.0,SUPPLEMENTAL PAY,"1,596",0.0,"1,020",0.0,576,0.0,"1,450",0.0,146,0.0
"1,627",0.3,"1,525",0.3,102,0.0,841,0.4,787,-0.1,PTO EXPENSE,"2,734",0.4,"2,584",0.3,150,0.0,"2,420",0.4,314,0.0
"1,679",0.3,"1,574",0.3,105,0.0,"1,225",0.6,455,-0.2,TOTAL BANQUETS & CATERING SUPPLEMENTAL PAY,"4,330",0.6,"3,604",0.5,726,0.1,"3,870",0.6,460,-0.1
933,0.2,874,0.2,58,0.0,717,0.3,216,-0.1,WORKERS COMP,"3,392",0.4,"1,481",0.2,"1,910",0.2,"1,433",0.2,"1,959",0.2
"9,598",2.0,"8,997",2.0,600,0.0,"5,460",2.5,"4,138",-0.6,HEALTH INSURANCE,"4,937",0.6,"16,969",2.2,"-12,032",-1.6,"9,457",1.5,"-4,520",-0.9
104,0.0,97,0.0,6,0.0,7,0.0,96,0.0,401K,172,0.0,185,0.0,-13,0.0,7,0.0,164,0.0
"1,077",0.2,"1,006",0.2,71,0.0,296,0.1,781,0.1,EMPLOYEE MEALS,"1,642",0.2,"1,751",0.2,-109,0.0,475,0.1,"1,167",0.1
9,0.0,9,0.0,0,0.0,9,0.0,0,0.0,EMPLOYEE BENEFITS,54,0.0,17,0.0,37,0.0,17,0.0,37,0.0
"11,720",2.4,"10,984",2.4,736,0.0,"6,489",3.0,"5,231",-0.6,TOTAL BANQUETS & CATERING BENEFITS,"10,197",1.3,"20,403",2.6,"-10,206",-1.3,"11,390",1.8,"-1,193",-0.5
"21,173",4.3,"19,846",4.4,"1,327",0.0,"10,855",5.0,"10,318",-0.7,TOTAL BANQUETS & CATERING PAYROLL RELATED,"26,063",3.3,"36,353",4.7,"-10,289",-1.4,"20,761",3.3,"5,303",0.0
"124,818",25.5,"117,011",25.7,"7,808",-0.2,"64,295",29.6,"60,523",-4.1,TOTAL BANQUETS & CATERING LABOR & RELATED,"195,245",25.0,"200,958",26.0,"-5,714",-1.0,"136,407",21.8,"58,837",3.2
0,0.0,0,0.0,0,0.0,0,0.0,0,0.0,DECORATIONS,466,0.1,0,0.0,466,0.1,0,0.0,466,0.1
0,0.0,0,0.0,0,0.0,0,0.0,0,0.0,TOTAL BANQUETS & CATERING OTHER EXPENSES,466,0.1,0,0.0,466,0.1,0,0.0,466,0.1
"234,506",47.9,"218,876",48.0,"15,631",-0.2,"85,212",39.2,"149,294",8.7,TOTAL BANQUETS & CATERING EXPENSE,"332,260",42.6,"372,967",48.3,"-40,708",-5.7,"182,862",29.2,"149,398",13.4
"255,574",52.1,"236,868",52.0,"18,706",0.2,"132,290",60.8,"123,284",-8.7,TOTAL BANQUETS & CATERING PROFIT,"448,421",57.4,"399,181",51.7,"49,241",5.7,"443,422",70.8,"5,000",-13.4
"10,769",55.0,"21,196",55.0,"-10,427",0.0,"9,877",41.1,893,13.9,TOTAL RETAIL ROLLUP GROSS PROFIT,"17,171",53.0,"33,516",55.0,"-16,345",-2.0,"21,321",50.6,"-4,150",2.4
"8,343",42.6,"18,580",48.2,"-10,237",-5.6,"5,325",22.2,"3,018",20.4,TOTAL RETAIL ROLLUP PROFIT,"10,915",33.7,"28,065",46.1,"-17,151",-12.4,"13,736",32.6,"-2,822",1.1
"97,334",12.7,"100,444",12.3,"-3,110",0.3,"113,298",21.0,"-15,964",-8.3,"TOTAL FOOD & BEVERAGE ADMIN SALARIES, WAGES, SC, CONTRACT & BONUS","189,347",14.6,"177,912",13.3,"11,435",1.2,"239,391",21.1,"-50,044",-6.5
"66,076",106.7,"98,326",88.2,"-32,250",18.5,"38,501",36.1,"27,575",70.6,"TOTAL VENUE 1 SALARIES, WAGES, SC, CONTRACT & BONUS","86,789",81.6,"135,410",77.4,"-48,621",4.2,"73,156",43.2,"13,633",38.4
"66,265",59.9,"68,450",59.1,"-2,185",0.7,"32,005",32.7,"34,260",27.2,"TOTAL VENUE 2 SALARIES, WAGES, SC, CONTRACT & BONUS","119,986",54.4,"127,161",64.7,"-7,175",-10.3,"68,235",39.5,"51,751",15.0
"20,471",49.1,"25,304",47.8,"-4,833",1.2,"13,526",38.4,"6,945",10.7,"TOTAL VENUE 3 SALARIES, WAGES, SC, CONTRACT & BONUS","43,630",62.2,"36,738",50.2,"6,891",11.9,"21,921",41.6,"21,709",20.6
"3,654",0.0,"3,654",0.0,0,0.0,"3,700",0.0,-46,0.0,"TOTAL VENUE 4 SALARIES, WAGES, SC, CONTRACT & BONUS","3,654",0.0,"6,931",0.0,"-3,276",0.0,"4,323",0.0,-669,0.0
"1,237",20.5,"1,569",20.5,-332,0.0,"2,686",37.7,"-1,448",-17.3,"TOTAL VENUE 6   SALARIES, WAGES, SC, CONTRACT & BONUS","3,473",19.8,"2,706",19.5,767,0.3,"5,422",42.7,"-1,949",-22.9
"8,961",16.7,"8,961",14.1,0,2.7,"7,894",11.2,"1,067",5.5,"TOTAL Boathouse  SALARIES, WAGES, SC, CONTRACT & B","13,648",14.5,"18,873",19.3,"-5,225",-4.8,"15,860",16.7,"-2,212",-2.3
178,3.5,178,2.7,0,0.7,178,3.0,0,0.5,"TOTAL VENUE 8 SALARIES, WAGES, SC, CONTRACT & BONUS",295,2.7,"2,428",37.5,"-2,133",-34.8,"2,428",41.0,"-2,133",-38.3
"103,646",21.1,"97,165",21.3,"6,481",-0.2,"53,440",24.6,"50,205",-3.4,"TOTAL BANQUETS & CATERING SALARIES, WAGES, SC, CONTRACT & BONUS","169,181",21.7,"164,606",21.3,"4,576",0.4,"115,647",18.5,"53,535",3.2
"66,313",8.6,"67,834",8.3,"-1,521",0.3,"50,653",9.4,"15,660",-0.7,SUBTOTAL: FOOD & BEVERAGE ADMIN SALARIES & WAGES,"140,599",10.8,"123,784",9.3,"16,815",1.5,"89,190",7.9,"51,409",3.0
"1,875",0.2,"1,875",0.2,0,0.0,"1,875",0.3,0,-0.1,TOTAL FOOD & BEVERAGE ADMIN SERVICE CHARGES,"1,996",0.2,"3,083",0.2,"-1,087",-0.1,"3,083",0.3,"-1,087",-0.1
"1,688",0.2,"1,688",0.2,0,0.0,"1,481",0.3,207,-0.1,TOTAL FOOD & BEVERAGE ADMIN BONUS,"3,992",0.3,"3,376",0.3,616,0.1,"2,962",0.3,"1,030",0.0
"27,458",3.6,"29,047",3.6,"-1,589",0.0,"59,289",11.0,"-31,831",-7.4,TOTAL FOOD & BEVERAGE CONTRACT LABOR,"42,760",3.3,"47,670",3.6,"-4,910",-0.3,"144,156",12.7,"-101,396",-9.4
"97,334",12.7,"100,444",12.3,"-3,110",0.3,"113,298",21.0,"-15,964",-8.3,"TOTAL FOOD & BEVERAGE ADMIN SALARIES, WAGES, SC, CONTRACT & BONUS","189,347",14.6,"177,912",13.3,"11,435",1.2,"239,391",21.1,"-50,044",-6.5
"7,300",0.9,"7,533",0.9,-233,0.0,"3,476",0.6,"3,824",0.3,TOTAL FOOD & BEVERAGE ADMIN PAYROLL TAXES,"11,456",0.9,"13,343",1.0,"-1,888",-0.1,"6,313",0.6,"5,143",0.3
"2,540",0.3,"2,622",0.3,-81,0.0,"5,220",1.0,"-2,680",-0.6,TOTAL FOOD & BEVERAGE ADMIN SUPPLEMENTAL PAY,"9,870",0.8,"6,046",0.5,"3,824",0.3,"9,874",0.9,-4,-0.1
"6,817",0.9,"7,048",0.9,-231,0.0,"7,658",1.4,-841,-0.5,TOTAL FOOD & BEVERAGE ADMIN BENEFITS,"8,336",0.6,"12,462",0.9,"-4,126",-0.3,"15,193",1.3,"-6,857",-0.7
"16,658",2.2,"17,203",2.1,-545,0.1,"16,354",3.0,303,-0.9,TOTAL FOOD & BEVERAGE ADMIN TAXES & BENEFITS,"29,661",2.3,"31,851",2.4,"-2,190",-0.1,"31,379",2.8,"-1,718",-0.5
"113,992",14.8,"117,647",14.5,"-3,655",0.4,"129,653",24.0,"-15,661",-9.2,"TOTAL FOOD & BEVERAGE ADMIN PAYROLL, TAXES & BENEFITS","219,008",16.8,"209,764",15.7,"9,245",1.1,"270,770",23.9,"-51,762",-7.0
,,,,,,,,,,,,,,,,,,,,
"66,076",106.7,"98,326",88.2,"-32,250",18.5,"38,501",36.1,"27,575",70.6,SUBTOTAL: VENUE 1 SALARIES & WAGES,"84,397",79.3,"135,410",77.4,"-51,013",2.0,"73,156",43.2,"11,241",36.1
0,0.0,0,0.0,0,0.0,0,0.0,0,0.0,TOTAL VENUE 1 CONTRACT LABOR,"2,392",2.2,0,0.0,"2,392",2.2,0,0.0,"2,392",2.2
"66,076",106.7,"98,326",88.2,"-32,250",18.5,"38,501",36.1,"27,575",70.6,"TOTAL VENUE 1 SALARIES, WAGES, SC, CONTRACT & BONUS","86,789",81.6,"135,410",77.4,"-48,621",4.2,"73,156",43.2,"13,633",38.4
"4,956",8.0,"7,374",6.6,"-2,419",1.4,"3,548",3.3,"1,408",4.7,TOTAL VENUE 1 TAXES,"7,113",6.7,"10,156",5.8,"-3,043",0.9,"6,765",4.0,348,2.7
"2,438",3.9,"3,628",3.3,"-1,190",0.7,"1,689",1.6,749,2.4,TOTAL VENUE 1 SUPPLEMENTAL PAY,"7,754",7.3,"6,595",3.8,"1,159",3.5,"4,072",2.4,"3,682",4.9
"6,685",10.8,"9,905",8.9,"-3,221",1.9,"8,109",7.6,"-1,424",3.2,TOTAL VENUE 1 BENEFITS,"7,242",6.8,"16,071",9.2,"-8,829",-2.4,"15,277",9.0,"-8,035",-2.2
"14,079",22.7,"20,908",18.8,"-6,829",4.0,"13,346",12.5,733,10.2,TOTAL VENUE 1 PAYROLL RELATED,"22,109",20.8,"32,821",18.7,"-10,713",2.0,"26,114",15.4,"-4,006",5.4
"80,155",129.4,"119,234",107.0,"-39,079",22.4,"51,847",48.6,"28,308",80.8,TOTAL VENUE 1 LABOR & RELATED,"108,897",102.4,"168,231",96.1,"-59,334",6.3,"99,270",58.6,"9,628",43.7
,,,,,,,,,,,,,,,,,,,,
"62,239",56.2,"64,227",55.5,"-1,987",0.7,"32,005",32.7,"30,235",23.6,SUBTOTAL: VENUE 2 VENUE SALARIES & WAGES,"112,573",51.1,"119,989",61.0,"-7,416",-10.0,"62,471",36.1,"50,102",14.9
"4,026",3.6,"4,223",3.6,-197,0.0,0,0.0,"4,026",3.6,TOTAL VENUE 2 CONTRACT LABOR,"7,414",3.4,"7,172",3.6,241,-0.3,"5,765",3.3,"1,649",0.0
"66,265",59.9,"68,450",59.1,"-2,185",0.7,"32,005",32.7,"34,260",27.2,"TOTAL VENUE 2 SALARIES, WAGES, SC, CONTRACT & BONUS","119,986",54.4,"127,161",64.7,"-7,175",-10.3,"68,235",39.5,"51,751",15.0
"4,970",4.5,"5,134",4.4,-164,0.1,"3,487",3.6,"1,483",0.9,TOTAL VENUE 2 TAXES,"10,052",4.6,"9,537",4.9,515,-0.3,"6,974",4.0,"3,078",0.5
"1,272",1.1,"1,314",1.1,-42,0.0,"1,183",1.2,89,-0.1,TOTAL VENUE 2 SUPPLEMENTAL PAY,"6,179",2.8,"4,841",2.5,"1,338",0.3,"4,252",2.5,"1,927",0.3
"7,915",7.1,"8,183",7.1,-268,0.1,"7,860",8.0,54,-0.9,TOTAL VENUE 2 BENEFITS,"9,588",4.3,"15,178",7.7,"-5,590",-3.4,"14,280",8.3,"-4,693",-3.9
"14,157",12.8,"14,631",12.6,-474,0.2,"12,531",12.8,"1,626",0.0,TOTAL VENUE 2 PAYROLL RELATED,"25,819",11.7,"29,556",15.0,"-3,737",-3.3,"25,507",14.7,312,-3.0
"80,422",72.7,"83,081",71.8,"-2,658",0.9,"44,536",45.5,"35,887",27.2,TOTAL VENUE 2 LABOR & RELATED,"145,806",66.1,"156,717",79.7,"-10,912",-13.6,"93,742",54.2,"52,063",11.9
,,,,,,,,,,,,,,,,,,,,
"18,884",45.3,"23,292",44.0,"-4,408",1.2,"13,526",38.4,"5,359",6.9,SUBTOTAL: VENUE 3 SALARIES & WAGES,"41,206",58.7,"33,959",46.4,"7,247",12.3,"21,921",41.6,"19,285",17.2
"1,586",3.8,"2,011",3.8,-425,0.0,0,0.0,"1,586",3.8,TOTAL VENUE 3 CONTRACT LABOR,"2,424",3.5,"2,780",3.8,-356,-0.3,0,0.0,"2,424",3.5
"20,471",49.1,"25,304",47.8,"-4,833",1.2,"13,526",38.4,"6,945",10.7,"TOTAL VENUE 3 SALARIES, WAGES, SC, CONTRACT & BONUS","43,630",62.2,"36,738",50.2,"6,891",11.9,"21,921",41.6,"21,709",20.6
"1,535",3.7,"1,898",3.6,-362,0.1,548,1.6,988,2.1,TOTAL VENUE 3 TAXES,"2,831",4.0,"2,755",3.8,76,0.3,"1,255",2.4,"1,576",1.7
342,0.8,423,0.8,-81,0.0,573,1.6,-232,-0.8,TOTAL VENUE 3 SUPPLEMENTAL PAY,"2,622",3.7,949,1.3,"1,674",2.4,858,1.6,"1,765",2.1
"1,102",2.6,"1,244",2.4,-142,0.3,"1,437",4.1,-335,-1.4,TOTAL VENUE 3 BENEFITS,"1,381",2.0,"2,080",2.8,-699,-0.9,"3,921",7.4,"-2,540",-5.5
"2,979",7.1,"3,564",6.7,-585,0.4,"2,558",7.3,421,-0.1,TOTAL VENUE 3 PAYROLL RELATED,"6,835",9.7,"5,784",7.9,"1,051",1.8,"6,034",11.4,801,-1.7
"23,450",56.2,"28,868",54.6,"-5,418",1.6,"16,084",45.6,"7,366",10.6,TOTAL VENUE 3 LABOR & RELATED,"50,464",71.9,"42,522",58.1,"7,942",13.8,"27,955",53.0,"22,509",18.9
,,,,,,,,,,,,,,,,,,,,
"3,654",0.0,"3,654",0.0,0,0.0,"3,700",0.0,-46,0.0,SUBTOTAL: VENUE 4 SALARIES & WAGES,"3,654",0.0,"6,931",0.0,"-3,276",0.0,"4,323",0.0,-669,0.0
"3,654",0.0,"3,654",0.0,0,0.0,"3,700",0.0,-46,0.0,"TOTAL VENUE 4 SALARIES, WAGES, SC, CONTRACT & BONUS","3,654",0.0,"6,931",0.0,"-3,276",0.0,"4,323",0.0,-669,0.0
274,0.0,274,0.0,0,0.0,99,0.0,175,0.0,TOTAL VENUE 4 TAXES,274,0.0,520,0.0,-246,0.0,227,0.0,47,0.0
536,0.0,536,0.0,0,0.0,536,0.0,0,0.0,TOTAL VENUE 4 SUPPLEMENTAL PAY,541,0.0,"1,916",0.0,"-1,375",0.0,"1,916",0.0,"-1,375",0.0
730,0.0,730,0.0,0,0.0,730,0.0,0,0.0,TOTAL VENUE 4 TAXES,807,0.0,"1,467",0.0,-660,0.0,"1,467",0.0,-660,0.0
"1,540",0.0,"1,540",0.0,0,0.0,"1,365",0.0,175,0.0,TOTAL VENUE 4 PAYROLL RELATED,"1,622",0.0,"3,902",0.0,"-2,280",0.0,"3,609",0.0,"-1,987",0.0
"5,194",0.0,"5,194",0.0,0,0.0,"5,065",0.0,129,0.0,TOTAL VENUE 4 LABOR & RELATED,"5,276",0.0,"10,833",0.0,"-5,557",0.0,"7,932",0.0,"-2,656",0.0
,,,,,,,,,,,,,,,,,,,,
0,0.0,0,0.0,0,0.0,0,0.0,0,0.0,TOTAL VENUE 5 SUPPLEMENTAL PAY,3,0.0,0,0.0,3,0.0,0,0.0,3,0.0
0,0.0,0,0.0,0,0.0,0,0.0,0,0.0,TOTAL VENUE 5 BENEFITS,0,0.0,0,0.0,0,0.0,0,0.0,0,0.0
0,0.0,0,0.0,0,0.0,0,0.0,0,0.0,TOTAL VENUE 5 PAYROLL RELATED,3,0.0,0,0.0,3,0.0,0,0.0,3,0.0
0,0.0,0,0.0,0,0.0,0,0.0,0,0.0,TOTAL VENUE 5 LABOR & RELATED,3,0.0,0,0.0,3,0.0,0,0.0,3,0.0
,,,,,,,,,,,,,,,,,,,,
"1,237",20.5,"1,569",20.5,-332,0.0,"2,686",37.7,"-1,448",-17.3,SUBTOTAL: VENUE 6 SALARIES & WAGES,"3,473",19.8,"2,706",19.5,767,0.3,"5,422",42.7,"-1,949",-22.9
"1,237",20.5,"1,569",20.5,-332,0.0,"2,686",37.7,"-1,448",-17.3,"TOTAL VENUE 6   SALARIES, WAGES, SC, CONTRACT & BONUS","3,473",19.8,"2,706",19.5,767,0.3,"5,422",42.7,"-1,949",-22.9
93,1.5,118,1.5,-25,0.0,168,2.4,-75,-0.8,TOTAL VENUE 6 TAXES,316,1.8,203,1.5,113,0.3,332,2.6,-15,-0.8
185,3.1,201,2.6,-16,0.4,306,4.3,-121,-1.2,TOTAL VENUE 6 BENEFITS,389,2.2,381,2.7,8,-0.5,602,4.7,-214,-2.5
278,4.6,319,4.2,-41,0.4,474,6.7,-197,-2.1,TOTAL VENUE 6 PAYROLL RELATED,705,4.0,584,4.2,121,-0.2,934,7.4,-229,-3.3
"1,515",25.1,"1,888",24.6,-372,0.4,"3,160",44.4,"-1,645",-19.4,TOTAL VENUE 6 LABOR & RELATED,"4,178",23.9,"3,290",23.8,888,0.1,"6,356",50.1,"-2,178",-26.2
,,,,,,,,,,,,,,,,,,,,
"8,961",16.7,"8,961",14.1,0,2.7,"7,894",11.2,"1,067",5.5,SUBTOTAL: Boathouse SALARIES & WAGES,"13,648",14.5,"18,873",19.3,"-5,225",-4.8,"15,860",16.7,"-2,212",-2.3
"8,961",16.7,"8,961",14.1,0,2.7,"7,894",11.2,"1,067",5.5,"TOTAL Boathouse  SALARIES, WAGES, SC, CONTRACT & B","13,648",14.5,"18,873",19.3,"-5,225",-4.8,"15,860",16.7,"-2,212",-2.3
672,1.3,672,1.1,0,0.2,"1,116",1.6,-444,-0.3,TOTAL VENUE 7 TAXES,"1,694",1.8,"1,416",1.4,279,0.3,"2,006",2.1,-312,-0.3
163,0.3,163,0.3,0,0.0,143,0.2,21,0.1,TOTAL Boathouse SUPPLEMENTAL PAY,"1,250",1.3,585,0.6,665,0.7,779,0.8,472,0.5
"1,224",2.3,"1,224",1.9,0,0.4,"1,268",1.8,-44,0.5,TOTAL Boathouse BENEFITS,"1,214",1.3,"2,299",2.3,"-1,085",-1.1,"2,348",2.5,"-1,134",-1.2
"11,020",20.6,"11,020",17.3,0,3.3,"10,420",14.8,600,5.7,TOTAL Boathouse LABOR & RELATED,"17,807",18.9,"23,174",23.6,"-5,367",-4.8,"20,994",22.1,"-3,187",-3.3
,,,,,,,,,,,,,,,,,,,,
178,3.5,178,2.7,0,0.7,178,3.0,0,0.5,SUBTOTAL: VENUE 8 SALARIES & WAGES,295,2.7,574,8.9,-279,-6.2,574,9.7,-279,-7.0
0,0.0,0,0.0,0,0.0,0,0.0,0,0.0,TOTAL VENUE 8 CONTRACT LABOR,0,0.0,"1,853",28.6,"-1,853",-28.6,"1,853",31.3,"-1,853",-31.3
178,3.5,178,2.7,0,0.7,178,3.0,0,0.5,"TOTAL VENUE 8 SALARIES, WAGES, SC, CONTRACT & BONUS",295,2.7,"2,428",37.5,"-2,133",-34.8,"2,428",41.0,"-2,133",-38.3
13,0.3,13,0.2,0,0.1,220,3.7,-207,-3.5,TOTAL VENUE 8 TAXES,99,0.9,182,2.8,-83,-1.9,521,8.8,-422,-7.9
800,15.7,800,12.4,0,3.3,447,7.5,353,8.1,TOTAL VENUE 8 BENEFITS,916,8.4,"1,603",24.8,-687,-16.4,"2,048",34.5,"-1,132",-26.2
814,15.9,814,12.6,0,3.4,668,11.3,146,4.7,TOTAL VENUE 8 PAYROLL RELATED,"1,015",9.3,"1,785",27.6,-771,-18.3,"2,569",43.3,"-1,554",-34.1
991,19.4,991,15.3,0,4.1,845,14.3,146,5.1,TOTAL VENUE 8 LABOR & RELATED,"1,310",12.0,"4,213",65.1,"-2,903",-53.1,"4,996",84.3,"-3,687",-72.3
,,,,,,,,,,,,,,,,,,,,
,,,,,,,,,,,,,,,,,,,,
"45,426",9.3,"43,010",9.4,"2,416",-0.2,"30,623",14.1,"14,803",-4.8,SUBTOTAL: BANQUETS & CATERING SALARIES & WAGES,"69,962",9.0,"70,501",9.1,-539,-0.2,"56,547",9.0,"13,415",-0.1
"45,023",9.2,"41,915",9.2,"3,108",0.0,"22,818",10.5,"22,205",-1.3,TOTAL BANQUETS & CATERING SERVICE CHARGE,"84,465",10.8,"72,768",9.4,"11,697",1.4,"59,100",9.4,"25,365",1.4
"13,197",2.7,"12,240",2.7,956,0.0,0,0.0,"13,197",2.7,TOTAL BANQUETS & CATERING CONTRACT LABOR,"14,755",1.9,"21,337",2.8,"-6,582",-0.9,0,0.0,"14,755",1.9
"103,646",21.1,"97,165",21.3,"6,481",-0.2,"53,440",24.6,"50,205",-3.4,"TOTAL BANQUETS & CATERING SALARIES, WAGES, SC, CONTRACT & BONUS","169,181",21.7,"164,606",21.3,"4,576",0.4,"115,647",18.5,"53,535",3.2
"7,773",1.6,"7,287",1.6,486,0.0,"3,141",1.4,"4,632",0.1,TOTAL BANQUETS & CATERING TAXES,"11,537",1.5,"12,345",1.6,-809,-0.1,"5,501",0.9,"6,036",0.6
"1,679",0.3,"1,574",0.3,105,0.0,"1,225",0.6,455,-0.2,TOTAL BANQUETS & CATERING SUPPLEMENTAL PAY,"4,330",0.6,"3,604",0.5,726,0.1,"3,870",0.6,460,-0.1
"11,720",2.4,"10,984",2.4,736,0.0,"6,489",3.0,"5,231",-0.6,TOTAL BANQUETS & CATERING BENEFITS,"10,197",1.3,"20,403",2.6,"-10,206",-1.3,"11,390",1.8,"-1,193",-0.5
"21,173",4.3,"19,846",4.4,"1,327",0.0,"10,855",5.0,"10,318",-0.7,TOTAL BANQUETS & CATERING PAYROLL RELATED,"26,063",3.3,"36,353",4.7,"-10,289",-1.4,"20,761",3.3,"5,303",0.0
"124,818",25.5,"117,011",25.7,"7,808",-0.2,"64,295",29.6,"60,523",-4.1,TOTAL BANQUETS & CATERING LABOR & RELATED,"195,245",25.0,"200,958",26.0,"-5,714",-1.0,"136,407",21.8,"58,837",3.2
